{"run_id":"sweep_20260125_180144","tag":"sweep","timestamp":"2026-01-25 18:01:44","result":{"algorithms":["random","norm","qoe","exhaustive","ga"],"x_axis":"p_dbw","x_vals":[-20,-15,-10,-5,0],"mc":50,"sum_rate":[[2.6912037473886572E+6,2.756306005762679E+6,2.7136720210939706E+6,2.8726528690251708E+6,2.8454054589413446E+6],[2.6461620231732749E+6,2.7971725580299972E+6,2.8137084304562234E+6,2.9090202481377888E+6,2.9302539260985809E+6],[2.8408849067446459E+6,2.9084886800395274E+6,3.2189097322849948E+6,3.0536171101650065E+6,3.0301530839742525E+6],[3.1544739569631978E+6,3.100458207086605E+6,3.2986519062609188E+6,3.2508422450619834E+6,3.3121957043011319E+6],[3.5073004367508614E+6,3.447330297638414E+6,3.8434833125237511E+6,3.7860426678835843E+6,3.793528325082581E+6]],"sum_rate_std":[[404328.61449047038,407261.51955366135,420103.37175221316,445511.74213702354,459127.95717459585],[532211.50018931413,375164.11774521426,387602.44611018157,390440.79527554888,372866.16409475595],[501694.47912645777,313290.17290066095,388677.51443056867,479897.0871236769,493195.65010143648],[442286.19513436424,420050.02538432577,408057.82618267968,374704.613418353,411491.47120992542],[456301.43432284548,529679.47415572486,455676.97038059012,564086.13648457406,585151.66087343963]],"avg_qoe":[[5.157868880374064,5.6391991064811524,3.7353052507201312,5.0316438912993782,4.9916602033832476],[3.4749037580294333,4.0152930016834816,2.6141175392685132,3.5746115025634562,3.5743294436916178],[2.6940700466630183,2.7142134496235837,2.593147809058455,2.6532318229265326,2.6531069739172697],[2.5936285245602715,2.59341902894921,2.5937313463770768,2.613003110223953,2.6130422451515232],[2.5938419345366652,2.5932245723379448,2.5934963822847714,2.5931090638918048,2.59285293465778]],"avg_qoe_std":[[0.81331481862984778,0.85704235237945392,0.96957992764465317,0.93925554314525772,0.9353906806174862],[0.89614139637473278,1.2146270080295,0.14173213610627411,0.89290822684066018,0.915586161165201],[0.30290810892524805,0.32853720754224486,0.001613489441642238,0.23988868561822294,0.23989549483880923],[0.0014407283753289537,0.0015722897138173335,0.0012591361671652767,0.14121763673461671,0.1412054801885102],[0.00079173409933579761,0.002161297233026369,0.0014865841636282308,0.0021571014157008,0.0025353162230674054]],"deadline_vio":[[0.32,0.38,0.1425,0.305,0.3],[0.11,0.1775,0.0025,0.1225,0.1225],[0.0125,0.015,0,0.0075,0.0075],[0,0,0,0.0025,0.0025],[0,0,0,0,0]],"deadline_vio_std":[[0.10151907431108496,0.10702374331265498,0.12113936147247592,0.11616754262350423,0.11572751247156893],[0.11191742582851713,0.15171216705542462,0.017677669529663688,0.11148922341991405,0.11431361266628015],[0.0378807204207079,0.041032590332414492,0,0.029987242185261907,0.029987242185261907],[0,0,0,0.017677669529663684,0.017677669529663684],[0,0,0,0,0]],"semantic_vio":[[1,1,1,0.9975,0.9975],[1,1,1,1,1],[1,1,1,1,1],[1,1,1,1,1],[1,1,1,1,1]],"semantic_vio_std":[[0,0,0,0.017677669529663684,0.017677669529663684],[0,0,0,0,0],[0,0,0,0,0],[0,0,0,0,0],[0,0,0,0,0]],"ris_usage":[[0.49,0.5,0.5,0.5,0.5],[0.4725,0.5,0.5,0.5,0.5],[0.4875,0.5,0.5,0.5,0.5],[0.485,0.5,0.5,0.5,0.5],[0.4925,0.5,0.5,0.5,0.5]],"ris_usage_std":[[0.0342559394522337,0,0,0,0],[0.05808377131175211,0,0,0,0],[0.045526959942792725,0,0,0,0],[0.0410325903324145,0,0,0,0],[0.029987242185261907,0,0,0,0]],"unique_ris":[[3.92,4,4,4,4],[3.78,4,4,4,4],[3.9,4,4,4,4],[3.88,4,4,4,4],[3.94,4,4,4,4]],"unique_ris_std":[[0.27404751561786961,0,0,0,0],[0.46467017049401688,0,0,0,0],[0.3642156795423418,0,0,0,0],[0.328260722659316,0,0,0,0],[0.23989793748209526,0,0,0,0]],"runtime_assign":[[0.000153584,0.00021018800000000001,0.0012318540000000001,0.44146387600000003,0.13867251000000003],[0.00011040600000000001,0.00017713,0.00102058,0.43259762799999996,0.135494936],[0.000107674,0.00017947999999999998,0.001004066,0.43183198599999995,0.134633676],[0.00010939600000000001,0.00017501799999999998,0.00099998000000000014,0.43199662000000005,0.13534007599999998],[0.000110816,0.000175166,0.001010146,0.43168562400000005,0.13446038999999999]],"runtime_assign_std":[[0.00026484876960103794,0.00019701070792404836,0.00082581680263499454,0.018892028110933733,0.0072449918197232729],[7.9329179848969866E-6,9.95785506778545E-6,7.4918982090996271E-5,0.0021498877054717952,0.0013547222541999125],[5.33872299949212E-6,1.6684699088490312E-5,4.8159643576211777E-5,0.002013889561652946,0.0011532473155576035],[1.4941149315134458E-5,5.7812042386495584E-6,6.0866749744748107E-5,0.0024754837986848211,0.0017476120086797398],[1.9406482821732641E-5,9.3538295115215886E-6,8.0961291355555743E-5,0.0061824098629989074,0.0010164053801691194]],"runtime_total":[[0.0011633200000000002,0.001053404,0.0019343820000000001,0.442479642,0.139460364],[0.000930286,0.0011807019999999998,0.0017728739999999998,0.433653944,0.13636477200000002],[0.001114248,0.0012573859999999999,0.0019300160000000003,0.43304458600000006,0.135676184],[0.0011748339999999998,0.00124105,0.002054488,0.433292402,0.13645154799999998],[0.001266374,0.0012578840000000001,0.002071786,0.43296117200000006,0.135589318]],"runtime_total_std":[[0.00206373128867029,0.00042530509575300108,0.00095985195726917675,0.018894465317114122,0.0072888378657623761],[0.00011827227323564274,9.2865394116914152E-5,0.00012504008305910778,0.0021514599939993274,0.0013601676196284473],[0.00012264932962369936,7.0104662309656857E-5,0.00012699920513972694,0.0019825598051056094,0.0011849715156070206],[8.21629357075417E-5,4.2662392031829978E-5,6.5972649373100984E-5,0.0024868642946891967,0.0017752366821494467],[0.00021308331685622169,7.3271731776661453E-5,0.00010413818333623564,0.00617305773390617,0.0010178465033408846]]},"x_vals":[-20,-15,-10,-5,0]}