{"run_id":"sweep_20260125_174931","tag":"sweep","timestamp":"2026-01-25 17:49:31","result":{"algorithms":["random","norm","qoe","exhaustive","ga"],"x_axis":"p_dbw","x_vals":[-20,-15,-10,-5,0],"mc":50,"sum_rate":[[2.6912037473886572E+6,2.756306005762679E+6,2.7136720210939706E+6,2.8726528690251708E+6,2.8454054589413446E+6],[2.6461620231732749E+6,2.7971725580299972E+6,2.8137084304562234E+6,2.9090202481377888E+6,2.9302539260985809E+6],[2.8408849067446459E+6,2.9084886800395274E+6,3.2189097322849948E+6,3.0536171101650065E+6,3.0301530839742525E+6],[3.1544739569631978E+6,3.100458207086605E+6,3.2986519062609188E+6,3.2508422450619834E+6,3.3121957043011319E+6],[3.5073004367508614E+6,3.447330297638414E+6,3.8434833125237511E+6,3.7860426678835843E+6,3.793528325082581E+6]],"sum_rate_std":[[404328.61449047038,407261.51955366135,420103.37175221316,445511.74213702354,459127.95717459585],[532211.50018931413,375164.11774521426,387602.44611018157,390440.79527554888,372866.16409475595],[501694.47912645777,313290.17290066095,388677.51443056867,479897.0871236769,493195.65010143648],[442286.19513436424,420050.02538432577,408057.82618267968,374704.613418353,411491.47120992542],[456301.43432284548,529679.47415572486,455676.97038059012,564086.13648457406,585151.66087343963]],"avg_qoe":[[5.157868880374064,5.6391991064811524,3.7353052507201312,5.0316438912993782,4.9916602033832476],[3.4749037580294333,4.0152930016834816,2.6141175392685132,3.5746115025634562,3.5743294436916178],[2.6940700466630183,2.7142134496235837,2.593147809058455,2.6532318229265326,2.6531069739172697],[2.5936285245602715,2.59341902894921,2.5937313463770768,2.613003110223953,2.6130422451515232],[2.5938419345366652,2.5932245723379448,2.5934963822847714,2.5931090638918048,2.59285293465778]],"avg_qoe_std":[[0.81331481862984778,0.85704235237945392,0.96957992764465317,0.93925554314525772,0.9353906806174862],[0.89614139637473278,1.2146270080295,0.14173213610627411,0.89290822684066018,0.915586161165201],[0.30290810892524805,0.32853720754224486,0.001613489441642238,0.23988868561822294,0.23989549483880923],[0.0014407283753289537,0.0015722897138173335,0.0012591361671652767,0.14121763673461671,0.1412054801885102],[0.00079173409933579761,0.002161297233026369,0.0014865841636282308,0.0021571014157008,0.0025353162230674054]],"deadline_vio":[[0.32,0.38,0.1425,0.305,0.3],[0.11,0.1775,0.0025,0.1225,0.1225],[0.0125,0.015,0,0.0075,0.0075],[0,0,0,0.0025,0.0025],[0,0,0,0,0]],"deadline_vio_std":[[0.10151907431108496,0.10702374331265498,0.12113936147247592,0.11616754262350423,0.11572751247156893],[0.11191742582851713,0.15171216705542462,0.017677669529663688,0.11148922341991405,0.11431361266628015],[0.0378807204207079,0.041032590332414492,0,0.029987242185261907,0.029987242185261907],[0,0,0,0.017677669529663684,0.017677669529663684],[0,0,0,0,0]],"semantic_vio":[[1,1,1,0.9975,0.9975],[1,1,1,1,1],[1,1,1,1,1],[1,1,1,1,1],[1,1,1,1,1]],"semantic_vio_std":[[0,0,0,0.017677669529663684,0.017677669529663684],[0,0,0,0,0],[0,0,0,0,0],[0,0,0,0,0],[0,0,0,0,0]],"ris_usage":[[0.49,0.5,0.5,0.5,0.5],[0.4725,0.5,0.5,0.5,0.5],[0.4875,0.5,0.5,0.5,0.5],[0.485,0.5,0.5,0.5,0.5],[0.4925,0.5,0.5,0.5,0.5]],"ris_usage_std":[[0.0342559394522337,0,0,0,0],[0.05808377131175211,0,0,0,0],[0.045526959942792725,0,0,0,0],[0.0410325903324145,0,0,0,0],[0.029987242185261907,0,0,0,0]],"unique_ris":[[3.92,4,4,4,4],[3.78,4,4,4,4],[3.9,4,4,4,4],[3.88,4,4,4,4],[3.94,4,4,4,4]],"unique_ris_std":[[0.27404751561786961,0,0,0,0],[0.46467017049401688,0,0,0,0],[0.3642156795423418,0,0,0,0],[0.328260722659316,0,0,0,0],[0.23989793748209526,0,0,0,0]],"runtime_assign":[[0.00014395800000000002,0.00021594999999999996,0.00119233,0.46552114599999994,0.149948914],[0.00011314599999999999,0.000204284,0.00118229,0.46785903400000012,0.14950891],[9.8841999999999986E-5,0.000187352,0.001014768,0.428465234,0.13512442600000002],[9.5479999999999987E-5,0.000176796,0.00098664599999999988,0.428677096,0.135150518],[9.6246E-5,0.00017985199999999998,0.00097891000000000015,0.42754169799999997,0.134184012]],"runtime_assign_std":[[0.00019450253037544003,8.5951776346640218E-5,0.00023535564599567359,0.040065450125198632,0.01609956836375397],[1.9418550041501183E-5,5.4294323978907137E-5,0.0003204101416583923,0.023038080717498216,0.015382823162258825],[1.3057956992436704E-5,3.2714848653921346E-5,0.00010547287965565907,0.006136821043857362,0.0043499421753515326],[9.2859340633331786E-6,9.9198617501887156E-6,4.176094362253921E-5,0.0041967110827194664,0.0022595195485052909],[1.2214314285680868E-5,2.0616441229746516E-5,3.7070684000229851E-5,0.003180510757114079,0.0015630062157474959]],"runtime_total":[[0.001101276,0.001122384,0.001913638,0.46662769200000009,0.15081222],[0.001060098,0.001414478,0.0020623959999999998,0.469069492,0.150504726],[0.001095274,0.0012586019999999997,0.0019309220000000003,0.429677116,0.136162862],[0.00116106,0.001255966,0.002036688,0.429963944,0.136250202],[0.001195442,0.0012525039999999998,0.0020539440000000003,0.428845896,0.13529960000000002]],"runtime_total_std":[[0.0012448572980359915,0.00035197851648262015,0.00034500895693194005,0.040119082857092085,0.016178811345367111],[0.00028347807134713944,0.00038169438746789265,0.00054863572463978362,0.023135948306299694,0.015427608697579696],[0.00013272082685710125,9.757416747881414E-5,0.00014151122302070722,0.0061270773742748714,0.004380789782484712],[0.0001105951395765618,0.00011598213023864442,7.7942458210122792E-5,0.0042200449463299389,0.0022593838911408874],[0.00011456471674319707,7.10753321541048E-5,0.00010470348055731638,0.0031898857131315551,0.001583613959606704]]},"x_vals":[-20,-15,-10,-5,0]}