{"run_id":"sweep_20260125_184145","tag":"sweep","timestamp":"2026-01-25 18:41:45","result":{"algorithms":["random","norm","qoe","exhaustive","ga"],"x_axis":"p_dbw","x_vals":[-20,-15,-10,-5,0],"mc":200,"sum_rate":[[2.6573224296857817E+6,2.8152841979156495E+6,2.7844800587282237E+6,2.836557676147263E+6,2.8794442993688248E+6],[2.7586446721553598E+6,2.7988996434621974E+6,2.8467193971852958E+6,2.911996710407909E+6,2.9131418474872792E+6],[2.863487994931147E+6,2.8872370290000411E+6,3.1342854908184912E+6,3.0678140588693488E+6,3.0285361070865588E+6],[3.136158301365695E+6,3.1244613543818207E+6,3.4096409346038089E+6,3.3448448625646643E+6,3.3522419584362484E+6],[3.6216283258420136E+6,3.4820437050842587E+6,3.9778351712232172E+6,3.8878707380994521E+6,3.8828082963421564E+6]],"sum_rate_std":[[459739.49889229424,410731.49014088389,414669.72851609276,445458.71181291173,442032.66768170113],[509738.16076034884,353601.69575250824,379141.01803574979,434685.02670693927,429712.64086650591],[438313.3560123741,420406.03451567533,393725.80263934261,467942.5617786714,467854.04038620362],[459485.33235668659,454169.47330070683,438749.08979606145,465091.11596129695,490128.8441069554],[481325.4915986433,510998.00045680162,511093.25719103171,562449.6272019496,578900.5671149]],"avg_qoe":[[5.04670366452412,5.7430778937334459,3.8287939893849638,5.1811797489910134,5.1547043105034289],[3.5122594661462356,4.1056063824825548,2.6390764032274978,3.5718768429413821,3.5768455305122204],[2.6389609085690311,2.6713985376286558,2.5932653083967008,2.637998395988749,2.6407323330866395],[2.5924259705585051,2.5894037507048928,2.5935245157034426,2.59665087064737,2.5966782357371541],[2.5934281854908834,2.5919318063034575,2.5932192790781481,2.5928968135047654,2.5927092345940239]],"avg_qoe_std":[[0.95949760176775367,0.83081086030355278,1.1090977126780903,0.99229018001257308,0.99486777146473893],[0.93098978187036407,1.0898582066909965,0.25178340475385541,0.91983570237679291,0.928109555269431],[0.20785531922712169,0.27435587077099566,0.0017381191646017994,0.22316373839680714,0.22091264064792868],[0.018789897376662881,0.0324111793509623,0.00135502857588034,0.0731942961589548,0.073190021549375109],[0.001556130825326108,0.018773070272558638,0.001588389536233736,0.0021111113571579149,0.0025268631441750988]],"deadline_vio":[[0.30625,0.393125,0.154375,0.323125,0.32],[0.115,0.18875,0.005625,0.1225,0.123125],[0.005625,0.01,0,0.00625,0.00625],[0,0,0,0.000625,0.000625],[0,0,0,0,0]],"deadline_vio_std":[[0.12003323451000841,0.10363789578243598,0.1389668785779854,0.12359607324509964,0.12382614656389948],[0.1164541016407096,0.13611972818812876,0.031447241852036921,0.11482453294846953,0.11585756016001356],[0.025978042042111439,0.033996748292628852,0,0.027311482666218162,0.027311482666218162],[0,0,0,0.0088388347648318544,0.0088388347648318544],[0,0,0,0,0]],"semantic_vio":[[0.999375,0.999375,0.999375,0.999375,0.99875],[0.99875,1,1,0.99875,0.99875],[1,0.99875,1,0.9975,0.99875],[0.999375,0.998125,1,0.999375,0.999375],[1,0.999375,1,1,1]],"semantic_vio_std":[[0.00883883476483185,0.0088388347648318526,0.0088388347648318457,0.0088388347648318544,0.012468553409301458],[0.012468553409301458,0,0,0.012468553409301458,0.012468553409301458],[0,0.012468553409301458,0,0.017543914749097989,0.012468553409301458],[0.0088388347648318526,0.01523218540990783,0,0.0088388347648318474,0.0088388347648318474],[0,0.0088388347648318526,0,0,0]],"ris_usage":[[0.486875,0.5,0.5,0.5,0.5],[0.4825,0.5,0.5,0.5,0.5],[0.488125,0.5,0.5,0.5,0.5],[0.48625,0.5,0.5,0.5,0.5],[0.48875,0.5,0.5,0.5,0.5]],"ris_usage_std":[[0.038415336329734692,0,0,0,0],[0.050188088438448471,0,0,0,0],[0.042675700958054667,0,0,0,0],[0.03920936586913,0,0,0,0],[0.037988857133791978,0,0,0,0]],"unique_ris":[[3.895,4,4,4,4],[3.86,4,4,4,4],[3.905,4,4,4,4],[3.89,4,4,4,4],[3.91,4,4,4,4]],"unique_ris_std":[[0.30732269063787754,0,0,0,0],[0.40150470750758777,0,0,0,0],[0.34140560766443734,0,0,0,0],[0.31367492695304,0,0,0,0],[0.30391085707033583,0,0,0,0]],"runtime_assign":[[0.00010021800000000001,0.00017983400000000003,0.0010063294999999998,0.43398980550000005,0.1357442575],[9.7005000000000011E-5,0.00017883300000000001,0.001042718,0.46395923949999995,0.14453845150000003],[9.7163E-5,0.000181862,0.001037551,0.45486736049999993,0.1418127335],[0.00010124699999999999,0.00019871999999999997,0.0011017989999999999,0.48114931400000011,0.152055158],[0.00010970599999999998,0.00020517000000000002,0.0011597204999999999,0.504427357,0.16025459900000003]],"runtime_assign_std":[[4.7285480427891208E-5,4.6605683048983529E-5,0.00016333485221929061,0.019158492705889676,0.0065651962896666706],[1.6290188032390949E-5,2.9290528954461729E-5,0.00017736783337907676,0.031334427962667964,0.01075484511118714],[1.9595462273407655E-5,3.690282303210275E-5,0.00016107930223040816,0.011766409297810771,0.00450718179599386],[2.3924151313691405E-5,6.058853399993523E-5,0.00029014274670639562,0.0661353490069597,0.027145607417850427],[3.0401339959889659E-5,5.738052302053853E-5,0.00027256169949187555,0.078204771549577834,0.02683501605726869]],"runtime_total":[[0.00082178999999999987,0.0009915355,0.0016473535000000002,0.434902478,0.1364999205],[0.0009578859999999997,0.0012212645,0.001824259,0.465072564,0.14545921150000002],[0.001143552,0.0013015929999999998,0.0019848585000000005,0.4561025455,0.14286828700000004],[0.0013326179999999998,0.0014191545,0.0022605674999999995,0.482554042,0.15329314849999998],[0.0013881815000000002,0.0014772759999999998,0.0024303964999999998,0.505973457,0.16157638600000004]],"runtime_total_std":[[0.00037195546783217376,0.00021057704993552293,0.00024304146096187459,0.019193647769195819,0.0065816914977296056],[0.00017781349102911117,0.00019264936589735577,0.00024004089835571166,0.0314133025259545,0.010798368972355659],[0.0002296600408600486,0.00021803818173538405,0.00032124657654590229,0.011791588149529327,0.0045330087076298721],[0.00035732030586142809,0.00036767258837307247,0.00052536195504891106,0.066347310625654771,0.02735306759247471],[0.00032750899394263448,0.00036338605317514738,0.00052617959497551112,0.078408949580754728,0.027045109609886181]]},"x_vals":[-20,-15,-10,-5,0]}