{"run_id":"sweep_20260123_164329","tag":"sweep","timestamp":"2026-01-23 16:43:29","result":{"algorithms":["random","norm","qoe","exhaustive","ga_placeholder"],"x_axis":"p_dbw","x_vals":[-10,-5,0],"sum_rate":[[3.968441700543107E+6,3.9169048729089643E+6,3.9349136772557735E+6,3.9169048729089643E+6,3.9169048729089643E+6],[4.7384311328940308E+6,4.72366606486952E+6,4.7272223436270561E+6,4.72366606486952E+6,4.72366606486952E+6],[5.2620856048782775E+6,5.2544253332332913E+6,5.2549081681824913E+6,5.2544253332332913E+6,5.2542760436614938E+6]],"avg_qoe":[[6.0483628519306247,6.2611433808012773,6.2118206918910417,6.2611433808012773,6.2611433808012773],[4.8230917882466908,4.8535206029535587,4.8252173759324,4.8535206029535587,4.8535206029535587],[3.09019026516769,3.1156134143869973,3.0937670800310757,3.1156134143869973,3.1187538121436411]],"deadline_vio":[[0,0,0,0,0],[0,0,0,0,0],[0,0,0,0,0]],"semantic_vio":[[0.55421875,0.57515625,0.5703125,0.57515625,0.57515625],[0.4340625,0.43703125,0.43421875,0.43703125,0.43703125],[0.26375,0.26625,0.2640625,0.26625,0.2665625]],"sum_rate_std":[[178555.57982675513,176823.89389477394,176999.79182178414,176823.89389477394,176823.89389477394],[185445.27213367604,184915.48649311822,184347.72083945517,184915.48649311822,184915.48649311822],[159723.79790432166,159350.97890237838,159603.46447143436,159350.97890237838,159303.03795065108]],"sum_rate_ci95":[[24746.540817582114,24506.541391965817,24530.919600894995,24506.541391965817,24506.541391965817],[25701.403455082575,25627.978911355891,25549.290606365219,25627.978911355891,25627.978911355891],[22136.589000543041,22084.9189230349,22119.911637609021,22084.9189230349,22078.274646110567]],"avg_qoe_std":[[0.66894500550057356,0.71264270718492417,0.66094594528240858,0.71264270718492417,0.71264270718492417],[0.85373149699607032,0.84686728267753064,0.84966201320715018,0.84686728267753064,0.84686728267753064],[0.87592810592441361,0.89075218463152206,0.89348209071679963,0.89075218463152206,0.89016084573869858]],"avg_qoe_ci95":[[0.092711047727544252,0.098767240199465409,0.091602434541761,0.098767240199465409,0.098767240199465409],[0.11832114884433893,0.11736981727587611,0.11775714716605638,0.11736981727587611,0.11736981727587611],[0.12139744189208411,0.12345195438149745,0.12383030006205827,0.12345195438149745,0.12336999899224287]],"deadline_vio_std":[[0,0,0,0,0],[0,0,0,0,0],[0,0,0,0,0]],"deadline_vio_ci95":[[0,0,0,0,0],[0,0,0,0,0],[0,0,0,0,0]],"semantic_vio_std":[[0.066122820173340119,0.070478325535507355,0.065321820011371309,0.070478325535507355,0.070478325535507355],[0.08428392860954749,0.083622675424571968,0.083910906095371357,0.083622675424571968,0.083622675424571968],[0.0864596261835488,0.087940831381791013,0.088207722053681312,0.087940831381791013,0.087882218854006641]],"semantic_vio_ci95":[[0.0091641553290064976,0.0097677975749147321,0.0090531423703396029,0.0097677975749147321,0.0097677975749147321],[0.011681156543111361,0.011589511527320592,0.011629458260246759,0.011589511527320592,0.011589511527320592],[0.011982692842755303,0.012187977409796444,0.012224966569766542,0.012187977409796444,0.012179854127888117]],"ris_usage":[[0.1875,0,0.1875,0,0],[0.1875,0,0.1875,0,0],[0.1875,0.00015625,0.1875,0.00015625,0]],"ris_usage_std":[[0,0,0,0,0],[0,0,0,0,0],[0,0.0022097086912079632,0,0.0022097086912079632,0]],"ris_usage_ci95":[[0,0,0,0,0],[0,0,0,0,0],[0,0.00030625000000000026,0,0.00030625000000000026,0]],"unique_ris":[[6,0,6,0,0],[6,0,6,0,0],[6,0.005,6,0.005,0]],"unique_ris_std":[[0,0,0,0,0],[0,0,0,0,0],[0,0.070710678118654821,0,0.070710678118654821,0]],"unique_ris_ci95":[[0,0,0,0,0],[0,0,0,0,0],[0,0.0098000000000000084,0,0.0098000000000000084,0]],"t_assign":[[0.00015507500000000002,0.000848422,0.005664056,0.0008151105,1.2987999999999995E-5],[0.000175777,0.001077935,0.007850765,0.0011029445,3.822E-6],[0.0001359505,0.00079153699999999993,0.005487106,0.00080929350000000016,2.5454999999999996E-6]],"t_assign_std":[[0.00013450044768377421,0.00060138534792551887,0.0013871207541511967,0.00018198174970551141,9.4148389536206643E-5],[6.3165327227990319E-5,0.00035953112497267962,0.0021331610126769673,0.00031459714683022567,2.8414052719733575E-6],[4.2752379224985656E-5,0.00012761671584008517,0.00077127241963553469,0.00014427599774521362,8.6261245716502466E-7]],"t_assign_ci95":[[1.8640811011445349E-5,8.3347756894375667E-5,0.00019224512835064214,2.5221383736716178E-5,1.3048301077053484E-5],[8.7542677188807281E-6,4.982847171709873E-5,0.0002956410330156227,4.3600940069656135E-5,3.9379867943866721E-7],[5.9251774633218612E-6,1.7686774452003059E-5,0.00010689290378102285,1.9995633128146736E-5,1.1955198712748631E-7]],"t_total":[[0.00077304400000000007,0.0012642195,0.0061861175,0.001221858,0.0004411725],[0.0008225455,0.0016040784999999996,0.008538248,0.0016254404999999999,0.0004988925],[0.000644233,0.0011956550000000001,0.0059905634999999988,0.0012073994999999998,0.00037694899999999996]],"t_total_std":[[0.0013409904749226095,0.00068281322039006188,0.0014911444876533747,0.00025418515574874759,0.00067576902903043268],[0.00021868213084636694,0.00048079564259406217,0.0022439916008128447,0.00044080694530017827,0.00013051774208414625],[0.00012182171795631985,0.0002099046222147947,0.00083952607276487252,0.00019919479052578928,5.7670534519447572E-5]],"t_total_ci95":[[0.00018585179783157184,9.4633084250640915E-5,0.00020666208227393369,3.5228265272152039E-5,9.3656809136880489E-5],[3.0307797058574825E-5,6.6634876411668186E-5,0.00031100136886064205,6.1092725722313181E-5,1.8088836176599902E-5],[1.6883628721090917E-5,2.9091296427014424E-5,0.00011635237749085064,2.7606989482932611E-5,7.9927283025374332E-6]],"overrides":{"dmax":0.94,"beta_s":0.005,"beta_d":0.1,"b_s":50,"b_d":10,"weights":[0.8,0.2],"semantic_mode":"proxy","table_path":""}},"x_vals":[-10,-5,0]}