{"run_id":"sweep_20260123_173914","tag":"sweep","timestamp":"2026-01-23 17:39:14","result":{"algorithms":["random","norm","qoe","exhaustive","ga_placeholder"],"x_axis":"p_dbw","x_vals":[-10,-5,0],"mc":5,"sum_rate":[[3.9562447685865285E+6,3.9030442093826048E+6,3.9122920566953286E+6,3.9030442093826048E+6,3.9030442093826048E+6],[4.7549842255380359E+6,4.7776402545360746E+6,4.7865150955219651E+6,4.7776402545360746E+6,4.7776402545360746E+6],[5.2638367213587686E+6,5.2634165265446547E+6,5.2446949066550042E+6,5.2634165265446547E+6,5.2634165265446547E+6]],"sum_rate_std":[[160057.62324545629,198090.94441842937,188850.09176661211,198090.94441842937,198090.94441842937],[87303.465564733531,84879.7145414503,76154.402586738579,84879.7145414503,84879.7145414503],[165381.74772418416,183391.3389056522,202430.29193049777,183391.3389056522,183391.3389056522]],"avg_qoe":[[5.8779185442044355,5.9434812976437232,5.9433436832538957,5.9434812976437232,5.9434812976437232],[4.8581967657680778,4.73155011209209,4.8572156383178324,4.73155011209209,4.73155011209209],[3.2044038400044945,3.2669051062287813,3.2049277952618986,3.2669051062287813,3.2669051062287813]],"avg_qoe_std":[[0.34719086273061661,0.48046026580172968,0.47979913968306409,0.48046026580172968,0.48046026580172968],[0.31235677097998438,0.35749945177302128,0.38545948440543215,0.35749945177302128,0.35749945177302128],[0.78932510513220189,0.80973526765123016,0.69138916115908922,0.80973526765123016,0.80973526765123016]],"deadline_vio":[[0,0,0,0,0],[0,0,0,0,0],[0,0,0,0,0]],"deadline_vio_std":[[0,0,0,0,0],[0,0,0,0,0],[0,0,0,0,0]],"semantic_vio":[[0.5375,0.54375,0.54375,0.54375,0.54375],[0.4375,0.425,0.4375,0.425,0.425],[0.275,0.28125,0.275,0.28125,0.28125]],"semantic_vio_std":[[0.034232659844072887,0.047392971525322188,0.047392971525322188,0.047392971525322188,0.047392971525322188],[0.03125,0.035630482034348057,0.038273277230987154,0.035630482034348057,0.035630482034348057],[0.077811872487429573,0.079672179899887258,0.067748385589621249,0.079672179899887258,0.079672179899887258]],"ris_usage":[[0.1875,0,0.1875,0,0],[0.1875,0,0.1875,0,0],[0.1875,0,0.1875,0,0]],"ris_usage_std":[[0,0,0,0,0],[0,0,0,0,0],[0,0,0,0,0]],"unique_ris":[[6,0,6,0,0],[6,0,6,0,0],[6,0,6,0,0]],"unique_ris_std":[[0,0,0,0,0],[0,0,0,0,0],[0,0,0,0,0]],"runtime_assign":[[0.00052718,0.0011351400000000002,0.0060247,0.0013598199999999999,0.00044666000000000004],[0.00014722000000000002,0.00082603999999999989,0.0067637599999999989,0.00091378,1.396E-5],[0.00015354,0.0007836,0.00551938,0.0007591,6.02E-6]],"runtime_assign_std":[[0.00037377890791215064,0.00026326994321418466,0.00080561211199931676,0.00030882753601322536,0.00064727992630700349],[2.0180361741059053E-5,8.4024597589039363E-5,0.0029024421351682445,0.00022467293339430096,1.5823021203297426E-5],[3.7695795521516721E-5,5.7194274188943084E-5,0.00024607736994693375,1.4937871334296551E-5,2.1637929660667636E-6]],"runtime_total":[[0.00200706,0.00169436,0.0067690600000000021,0.00186194,0.00204892],[0.00066464,0.00123116,0.0073383000000000007,0.0013341800000000001,0.00042627999999999996],[0.00065870000000000013,0.0011667,0.0060025999999999994,0.0011478999999999999,0.00037030000000000006]],"runtime_total_std":[[0.00207449091538141,0.00056757767574139133,0.0010671682308802115,0.00036932119895830516,0.003306372549638047],[5.5802177376873022E-5,0.00012747224403767275,0.0030983958139656721,0.000311251549393734,0.00010237820568851555],[8.6812326313721142E-5,7.2189091973787875E-5,0.00028203130145428896,2.0277573819370013E-5,5.236888389110475E-6]]},"x_vals":[-10,-5,0]}