{"run_id":"ablation_20260302_103412","mc":200,"p_dbw":-20,"seed":42,"groups":["full","no_urgency","fixed_theta","simple_beam"],"stats":{"urgent_qoe":{"mean":[0.6356329035277456,0.67006543177783973,0.63550042156737652,0.48392282499215367],"ci95":[0.027410746224284778,0.032476004655902321,0.02741894094422084,0.011420195153722333]},"urgent_delay_vio":{"mean":[0.26875,0.2575,0.26875,0.09],"ci95":[0.026210103684950942,0.026432991985899608,0.026210103684950942,0.018062293103612393]},"urgent_semantic_vio":{"mean":[0.8725,0.73625,0.8725,1],"ci95":[0.02112572915098563,0.041565906829428886,0.02112572915098563,0]},"sum_rate":{"mean":[8.6074832756245881E+6,1.0461718597927118E+7,8.6417997996779829E+6,5.1717644753330294E+6],"ci95":[207637.06054761287,701176.99283836631,207776.05206776049,62154.193786379365]}}}