{"run_id":"ablation_20260302_152211","mc":200,"p_dbw":-20,"seed":42,"groups":["full","no_urgency","fixed_theta","simple_beam"],"stats":{"urgent_qoe":{"mean":[0.63615809927494515,0.68318432843653287,0.63550042156737652,0.48775448083003492],"ci95":[0.02733208204337096,0.032312897992533549,0.02741894094422084,0.012101418602250684]},"urgent_delay_vio":{"mean":[0.26875,0.2575,0.26875,0.10125],"ci95":[0.026210103684950942,0.026432991985899608,0.026210103684950942,0.0193701186102428]},"urgent_semantic_vio":{"mean":[0.8775,0.74875,0.8725,1],"ci95":[0.02112572915098563,0.042470415212730234,0.02112572915098563,0]},"sum_rate":{"mean":[8.6075776478170827E+6,1.0370292687942E+7,8.6417997996779829E+6,5.296331319239907E+6],"ci95":[220025.37317501527,661634.84527101286,207776.05206776049,61270.8309477247]}}}