{"run_id":"ablation_20260302_100058","mc":1,"p_dbw":-20,"seed":42,"groups":["full","no_urgency","fixed_theta","simple_beam"],"stats":{"urgent_qoe":{"mean":[0.65437566972805006,0.82635472639024687,0.65437566972805006,0.53748620158821125],"ci95":[0,0,0,0]},"urgent_delay_vio":{"mean":[0.25,0.25,0.25,0.25],"ci95":[0,0,0,0]},"urgent_semantic_vio":{"mean":[1,1,1,1],"ci95":[0,0,0,0]},"sum_rate":{"mean":[1.0086793520296764E+7,1.0086793520296764E+7,1.0086793520296764E+7,4.6912430393167781E+6],"ci95":[0,0,0,0]}}}