{"run_id":"ablation_20260316_230555","mc":1,"p_dbw":-20,"seed":42,"groups":["full","no_urgency","fixed_theta","simple_beam"],"stats":{"urgent_qoe":{"mean":[0.30004767725676273,0.97355940470108282,0.27800816004043266,1.2370477814500975],"ci95":[0,0,0,0]},"avg_qoe":{"mean":[0.76640188197392656,0.7983269249689231,0.87487644074062787,1.6500603479490419],"ci95":[0,0,0,0]},"urgent_delay_vio":{"mean":[0,0,0,0],"ci95":[0,0,0,0]},"urgent_semantic_vio":{"mean":[0.25,0.75,0.25,1],"ci95":[0,0,0,0]},"sum_rate":{"mean":[1.4964393183390995E+7,2.5872747590342592E+7,3.0579585254277065E+7,5.16180480629509E+6],"ci95":[0,0,0,0]},"urgent_sum_rate":{"mean":[7.1708427544583427E+6,820723.12614165363,1.3167572426583493E+7,1.5443553560387753E+6],"ci95":[0,0,0,0]}},"metrics":{"urgent_qoe":{"mean":[0.30004767725676273,0.97355940470108282,0.27800816004043266,1.2370477814500975],"ci95":[0,0,0,0]},"avg_qoe":{"mean":[0.76640188197392656,0.7983269249689231,0.87487644074062787,1.6500603479490419],"ci95":[0,0,0,0]},"urgent_delay_vio":{"mean":[0,0,0,0],"ci95":[0,0,0,0]},"urgent_semantic_vio":{"mean":[0.25,0.75,0.25,1],"ci95":[0,0,0,0]},"sum_rate":{"mean":[1.4964393183390995E+7,2.5872747590342592E+7,3.0579585254277065E+7,5.16180480629509E+6],"ci95":[0,0,0,0]},"urgent_sum_rate":{"mean":[7.1708427544583427E+6,820723.12614165363,1.3167572426583493E+7,1.5443553560387753E+6],"ci95":[0,0,0,0]}},"sanity":{"qoe_min":0.00056752995396998449,"qoe_max":3.7529168442761556,"Qd_min":0.00080961141080358365,"Qd_max":14.630000000000008,"Qs_min":0.00042068700171095884,"Qs_max":3.5517849565136412}}