{"run_id":"ablation_20260316_234455","mc":200,"p_dbw":-20,"seed":42,"groups":["full","no_urgency","fixed_theta","simple_beam"],"stats":{"urgent_qoe":{"mean":[0.41743184412988954,0.4692997396599935,0.44968066544782076,0.93942230528237447],"ci95":[0.029018782856661426,0.032623888712593994,0.03858677982389954,0.030652167541715819]},"avg_qoe":{"mean":[0.8286051835908671,0.74460116529442966,0.94209492681476026,1.3257262920491413],"ci95":[0.0438706738140716,0.040561877721328812,0.057438391362153007,0.022494952586924549]},"urgent_delay_vio":{"mean":[0.00375,0.00125,0.005,0],"ci95":[0.0042221463854895547,0.0024500000000000017,0.0059760661671513339,0]},"urgent_semantic_vio":{"mean":[0.35375,0.39625,0.35,0.995],"ci95":[0.030336660202819065,0.034609470738861642,0.033135248959651559,0.0048629250663571825]},"sum_rate":{"mean":[1.8794679909749027E+7,1.9279183715341121E+7,1.8952467222119294E+7,5.3790122724790657E+6],"ci95":[781817.00752567628,798428.78779683681,840452.7476434143,169434.29040788932]},"urgent_sum_rate":{"mean":[7.4550499652328519E+6,8.0264426648788126E+6,6.492195167226905E+6,1.7019756302836877E+6],"ci95":[812177.01930224814,805882.417497693,782479.38023430516,53793.91004001072]}},"metrics":{"urgent_qoe":{"mean":[0.41743184412988954,0.4692997396599935,0.44968066544782076,0.93942230528237447],"ci95":[0.029018782856661426,0.032623888712593994,0.03858677982389954,0.030652167541715819]},"avg_qoe":{"mean":[0.8286051835908671,0.74460116529442966,0.94209492681476026,1.3257262920491413],"ci95":[0.0438706738140716,0.040561877721328812,0.057438391362153007,0.022494952586924549]},"urgent_delay_vio":{"mean":[0.00375,0.00125,0.005,0],"ci95":[0.0042221463854895547,0.0024500000000000017,0.0059760661671513339,0]},"urgent_semantic_vio":{"mean":[0.35375,0.39625,0.35,0.995],"ci95":[0.030336660202819065,0.034609470738861642,0.033135248959651559,0.0048629250663571825]},"sum_rate":{"mean":[1.8794679909749027E+7,1.9279183715341121E+7,1.8952467222119294E+7,5.3790122724790657E+6],"ci95":[781817.00752567628,798428.78779683681,840452.7476434143,169434.29040788932]},"urgent_sum_rate":{"mean":[7.4550499652328519E+6,8.0264426648788126E+6,6.492195167226905E+6,1.7019756302836877E+6],"ci95":[812177.01930224814,805882.417497693,782479.38023430516,53793.91004001072]}},"sanity":{"qoe_min":0.00046001920116864662,"qoe_max":9.0382833120409387,"Qd_min":0.000557452523774945,"Qd_max":14.630000000000008,"Qs_min":0.00042068700171095884,"Qs_max":5.1035408968018059}}