{"run_id":"constraint_20260125_171557","tag":"constraint","timestamp":"2026-01-25 17:15:57","result":{"x_vals":[-20,-15,-10,-5,0],"algorithms":["random","norm","qoe","exhaustive","ga"],"mc":10,"sum_rate":[[2.5339402124170437E+6,2.722995675850681E+6,2.8482354915760234E+6,2.7181725672112396E+6,2.7753303631680659E+6],[2.9348427792573888E+6,2.9528098369095973E+6,2.7770861412983397E+6,2.8710402678314545E+6,2.7932450414975635E+6],[2.9256264273258457E+6,2.7321834399834415E+6,3.01357499681623E+6,2.9698120811270936E+6,2.8556040313006155E+6],[3.1145706216571727E+6,3.1037044234393919E+6,3.4510130365038076E+6,3.2346017069745758E+6,3.2346017069745758E+6],[3.7811260657021753E+6,3.3764595718332855E+6,4.141018159451359E+6,4.1793545817047544E+6,4.0885963733266457E+6]],"avg_qoe":[[5.9006260542999183,6.2023234088527728,5.2978651267211179,6.00058625730691,6.0005169983245406],[4.6981276756366643,5.2978870253481372,3.19722188672642,4.1974012127351426,4.1981532548098484],[2.8967414607115929,3.3973405993958821,2.5966895220598794,3.1961288292267414,3.0968598856982448],[2.5963225728928481,2.5960852474754179,2.5964857206396408,2.5962994167890137,2.5962994167890137],[2.5955024009022116,2.59657175441467,2.5964440147624761,2.5957253671249165,2.5958058344537385]],"deadline_satisfy":[[0.5875,0.55,0.6625,0.575,0.575],[0.7375,0.6625,0.925,0.8,0.8],[0.9625,0.9,1,0.925,0.9375],[1,1,1,1,1],[1,1,1,1,1]],"semantic_satisfy":[[0,0,0,0,0],[0,0,0,0,0],[0,0,0,0,0],[0,0,0,0,0],[0,0,0,0,0]],"joint_satisfy":[[0,0,0,0,0],[0,0,0,0,0],[0,0,0,0,0],[0,0,0,0,0],[0,0,0,0,0]],"experiment":"constraint"},"x_vals":[-20,-15,-10,-5,0]}