{"run_id":"constraint_20260125_175719","tag":"constraint","timestamp":"2026-01-25 17:57:19","result":{"x_vals":[-20,-15,-10,-5,0],"algorithms":["random","norm","qoe","exhaustive","ga"],"mc":50,"sum_rate":[[2.6445630702353637E+6,2.7567197075118609E+6,2.8080981893545967E+6,2.8183618221064406E+6,2.8212525268406225E+6],[2.9500967879398535E+6,2.8673961830705358E+6,2.9142618151340974E+6,2.7730054765868997E+6,2.7578112657569051E+6],[2.9041330083716507E+6,2.9131511584107359E+6,3.0772853409772841E+6,3.0521574504334652E+6,3.0318148090891065E+6],[3.1061717665444817E+6,3.1253861030288721E+6,3.294059704568591E+6,3.1347994010989694E+6,3.1569657047244026E+6],[3.5985657126979036E+6,3.389615418387867E+6,4.0463540400083191E+6,4.0379175744008054E+6,4.0550230855297376E+6]],"avg_qoe":[[3.8707122805874024,4.552139608375251,2.6826622627006502,3.9446751451203359,4.0098869365190595],[2.7563494971570361,2.8271950435692021,2.586327664382416,2.7024593978773952,2.7076157900343922],[2.6064874244241842,2.5812081912823972,2.5859932266494297,2.5804681726454106,2.5856706585753262],[2.5861470187704327,2.5806740219188287,2.5864505836377973,2.5857952173616026,2.5858041748242111],[2.58548208021333,2.5861021613480841,2.5804278033331243,2.5794491053553528,2.5792018856814893]],"deadline_satisfy":[[0.84,0.755,0.9875,0.83,0.8225],[0.9775,0.97,1,0.985,0.985],[0.9975,1,1,1,1],[1,1,1,1,1],[1,1,1,1,1]],"semantic_satisfy":[[0,0,0.0025,0.0025,0],[0.005,0,0,0.0025,0],[0,0.0025,0,0.0025,0],[0,0.0025,0,0,0],[0,0,0.0025,0.0025,0.0025]],"joint_satisfy":[[0,0,0.0025,0.0021875,0],[0.005,0,0,0.0021875,0],[0,0.0025,0,0.0025,0],[0,0.0025,0,0,0],[0,0,0.0025,0.0025,0.0025]],"experiment":"constraint"},"x_vals":[-20,-15,-10,-5,0]}