{"run_id":"constraint_20260125_171757","tag":"constraint","timestamp":"2026-01-25 17:17:57","result":{"x_vals":[-20,-15,-10,-5,0],"algorithms":["random","norm","qoe","exhaustive","ga"],"mc":30,"sum_rate":[[2.5888817976519265E+6,2.7056949035265329E+6,2.8633642732238243E+6,2.7884009264638484E+6,2.8235732081322726E+6],[2.9633428328621206E+6,2.9115841728825192E+6,2.931304757348875E+6,2.8111860823111534E+6,2.8103515630644686E+6],[2.90341426237838E+6,2.8821974206630508E+6,3.0365168367386167E+6,2.9943230970469238E+6,2.9181551938817343E+6],[3.142978809823425E+6,3.1039986711037825E+6,3.3952202020492316E+6,3.1682106853588452E+6,3.1890559128908063E+6],[3.6327758917230414E+6,3.3696954297806653E+6,4.0514574198681922E+6,4.060941673198902E+6,4.0179937350168531E+6]],"avg_qoe":[[6.167782175894148,6.30287534372692,5.7312501954996549,6.2006051743577819,6.2005526412452081],[4.4637673582873614,5.2979564338627023,3.0635326224071124,4.2310568117467771,4.2312137706220234],[2.9969133868671873,3.3636080535215909,2.5965489555361319,3.0632172563515025,3.0302139258967391],[2.5964701620652377,2.596453137860165,2.5965836820151305,2.5963041764249728,2.5963204063749838],[2.5961452260261404,2.5966846839486935,2.5962146085791269,2.5958474362364989,2.5958999157248459]],"deadline_satisfy":[[0.5541666666666667,0.5375,0.60833333333333328,0.55,0.55],[0.76666666666666672,0.6625,0.94166666666666665,0.79583333333333328,0.79583333333333328],[0.95,0.90416666666666667,1,0.94166666666666665,0.9458333333333333],[1,1,1,1,1],[1,1,1,1,1]],"semantic_satisfy":[[0,0,0,0,0],[0,0,0,0,0],[0,0,0,0,0],[0,0,0,0,0],[0,0,0,0,0]],"joint_satisfy":[[0,0,0,0,0],[0,0,0,0,0],[0,0,0,0,0],[0,0,0,0,0],[0,0,0,0,0]],"experiment":"constraint"},"x_vals":[-20,-15,-10,-5,0]}