{"run_id":"constraint_20260125_221831","tag":"constraint","timestamp":"2026-01-25 22:18:31","result":{"x_vals":[-25,-22.142857142857142,-19.285714285714285,-16.428571428571431,-13.571428571428571,-10.714285714285714,-7.8571428571428577,-5],"algorithms":["random","norm","qoe","exhaustive","ga"],"mc":500,"sum_rate":[[2.6934417431091061E+6,2.7484598341846773E+6,2.7437191148933312E+6,2.822751377226721E+6,2.80369409946779E+6],[2.7303773038529358E+6,2.7875002122141887E+6,2.8174837102146544E+6,2.84979418305071E+6,2.8611399502969114E+6],[2.7406857609130894E+6,2.8085932940523881E+6,2.8051883649341012E+6,2.8679476213743212E+6,2.8901569893982145E+6],[2.7258726261819638E+6,2.8259810484828884E+6,2.8465079072703384E+6,2.8627255756917992E+6,2.8704130099404892E+6],[2.7747232032937529E+6,2.8066774375991495E+6,2.8778308548359028E+6,2.8871271463004667E+6,2.8955877378579932E+6],[2.8108549550955538E+6,2.8569906029803366E+6,3.0089146958417846E+6,3.0000886469256319E+6,2.9766206489378996E+6],[2.94853048434496E+6,2.9412107510392889E+6,3.1632858833589675E+6,3.1171276257965988E+6,3.1187065044333744E+6],[3.12691003947375E+6,3.0766654344095495E+6,3.3962945464790352E+6,3.2994156156178568E+6,3.3003213565124604E+6]],"avg_qoe":[[5.3632523176533651,6.0553089402679472,4.3811224257544223,5.4049390897003731,5.4085836538892416],[4.5628827344722724,5.2966289431523057,3.1888988889768988,4.5721258967082177,4.5880692917352315],[3.6498354182774611,4.1245202850745795,2.6322722216465388,3.629958634982009,3.6188375697125119],[2.9085539152650468,3.1065173060246907,2.5846427586979615,2.9122727496862213,2.9162839601191957],[2.6440913620509097,2.6884568978564376,2.5854315865832995,2.6374654507579836,2.6394419830397431],[2.5996533673534206,2.5997360942662926,2.584053803987779,2.5942175378018697,2.5943118954807614],[2.5853188398911517,2.58673138025889,2.5844992890976393,2.5814812104345903,2.5830518060326586],[2.5819781244632769,2.5850120817816302,2.5843660782302451,2.5828863450379709,2.5834158477846971]],"deadline_satisfy":[[0.6545,0.5685,0.77625,0.64875,0.6485],[0.75325,0.662,0.92475,0.752,0.75],[0.86725,0.80775,0.994,0.869,0.8705],[0.95975,0.935,1,0.95875,0.95825],[0.99275,0.98725,1,0.993,0.99275],[0.998,0.99825,1,0.99825,0.99825],[1,0.99975,1,1,1],[1,1,1,1,1]],"semantic_satisfy":[[0.00075,0.0015,0.001,0.00275,0.002],[0.0025,0.00175,0.001,0.0025,0.0025],[0.001,0.00225,0.0015,0.0035,0.003],[0.00075,0.001,0.001,0.0025,0.0025],[0.0005,0.0005,0.0005,0.0025,0.0025],[0.0015,0.0005,0.001,0.00275,0.00275],[0.0005,0.00075,0.00075,0.002,0.00125],[0.002,0.0005,0.00075,0.00125,0.001]],"joint_satisfy":[[0.0005625,0.0008125,0.0008125,0.0015625,0.0011875],[0.00171875,0.0010625,0.0009375,0.001875,0.001875],[0.00084375,0.00178125,0.0015,0.003,0.0025625],[0.00065625,0.00096875,0.001,0.002375,0.00234375],[0.0005,0.0005,0.0005,0.0025,0.0025],[0.0015,0.0005,0.001,0.00275,0.00275],[0.0005,0.00075,0.00075,0.002,0.00125],[0.002,0.0005,0.00075,0.00125,0.001]],"experiment":"constraint"},"x_vals":[-25,-22.142857142857142,-19.285714285714285,-16.428571428571431,-13.571428571428571,-10.714285714285714,-7.8571428571428577,-5]}