{"run_id":"constraint_20260126_102651","tag":"constraint","timestamp":"2026-01-26 10:26:51","result":{"x_vals":[-25,-22.142857142857142,-19.285714285714285,-16.428571428571431,-13.571428571428571,-10.714285714285714,-7.8571428571428577,-5],"algorithms":["random","norm","qoe","exhaustive","ga"],"mc":10,"sum_rate":[[2.5290747038928727E+6,2.8523870303307469E+6,2.7348770761911897E+6,2.7147133709151829E+6,2.6687669001322147E+6],[2.9049549414233803E+6,2.8212423483616412E+6,2.9950789714905983E+6,2.8383775721223946E+6,2.802726672525425E+6],[2.7973732234048946E+6,2.8727323812431647E+6,3.0662068354391181E+6,2.9416515943953088E+6,2.8629401820671395E+6],[2.7440535539160734E+6,2.8008710112012094E+6,2.8162472902412936E+6,2.82055676883652E+6,2.82055676883652E+6],[2.9846403270957419E+6,2.87273011480397E+6,3.017953337967718E+6,3.2482592047982947E+6,3.3291071224975577E+6],[3.0290251432127422E+6,3.1857140012238892E+6,3.23339697619984E+6,3.1657069156479165E+6,3.1873394909531567E+6],[3.1744356897034333E+6,3.2606700199594367E+6,3.220784467465865E+6,3.120595145970705E+6,3.0868497606272213E+6],[3.567257281164147E+6,2.9808464629766652E+6,3.9661903754794835E+6,3.6377703833778463E+6,3.7473546034268825E+6]],"avg_qoe":[[6.8653696689234,7.5539846469294121,5.9859285401699864,6.9900563629441548,7.0532468191929807],[6.6745942349770333,7.4267555381136763,5.733552593100832,6.4847860326790627,6.550005029269677],[5.9844878010288651,6.5478093641366808,5.73206584709578,6.1064682252853073,6.0471989835174842],[5.8592069593970333,5.8564497265144491,5.7358920650859044,5.7338249728133066,5.7338249728133066],[5.7305853639791815,5.7340631756327207,5.7339674547261676,5.7308321528618791,5.728166905532909],[5.66866141044599,5.7320535119089939,5.6681426195347084,5.7345881900195925,5.7333570584261686],[5.7334586867832149,5.7296646235208213,5.7361227997460853,5.7363010626378452,5.7362608874185739],[5.7316204865656966,5.7368192945056435,5.7314459078931552,5.73162772486918,5.7307514260512784]],"deadline_satisfy":[[0.775,0.6375,0.95,0.75,0.7375],[0.8125,0.6625,1,0.8375,0.8375],[0.95,0.8375,1,0.9125,0.9375],[0.975,0.9625,1,1,1],[1,1,1,1,1],[1,1,1,1,1],[1,1,1,1,1],[1,1,1,1,1]],"semantic_satisfy":[[0,0,0,0,0],[0,0,0,0.0125,0],[0,0,0,0.0125,0],[0,0.0125,0,0,0],[0,0,0,0,0],[0.0125,0,0.0125,0,0],[0,0,0,0,0],[0,0,0,0,0]],"joint_satisfy":[[0,0,0,0,0],[0,0,0,0.0109375,0],[0,0,0,0.0109375,0],[0,0.0125,0,0,0],[0,0,0,0,0],[0.0125,0,0.0125,0,0],[0,0,0,0,0],[0,0,0,0,0]],"experiment":"constraint"},"x_vals":[-25,-22.142857142857142,-19.285714285714285,-16.428571428571431,-13.571428571428571,-10.714285714285714,-7.8571428571428577,-5]}