{"run_id":"constraint_20260126_151617","tag":"constraint","timestamp":"2026-01-26 15:16:17","result":{"x_vals":[-25,-22.5,-20,-17.5,-15,-12.5,-10,-7.5,-5],"algorithms":["random","norm","proposed","ga"],"mc":200,"sum_rate":[[2.7549295245428919E+6,2.7837266145589864E+6,2.8635376610607035E+6,2.9419917680206643E+6],[2.7347473781711208E+6,2.83975068588822E+6,2.8496534424128146E+6,2.8769133645800147E+6],[2.7733362691571461E+6,2.8268767622821992E+6,2.8489692880701288E+6,2.9305447815615237E+6],[2.7735223834973918E+6,2.7705263144700532E+6,2.8978775987794278E+6,3.063461323759167E+6],[2.8025335791631765E+6,2.8329956134876464E+6,3.014600400644484E+6,3.1761540555067849E+6],[2.9387919488478089E+6,2.8739460205267705E+6,3.149002167871384E+6,3.2189225219086478E+6],[3.1190335752247958E+6,2.923500652090224E+6,3.3001906438354766E+6,3.3096891347145145E+6],[3.2461031570070465E+6,3.0290317934670793E+6,3.6054974025974255E+6,3.496136533190608E+6],[3.465336332439261E+6,3.2204769617842748E+6,3.9416834768891064E+6,3.7216837215474891E+6]],"avg_qoe":[[14.013397991010168,15.616705755344737,11.884612417770533,12.82102256575082],[13.018036862673105,14.589246586423888,10.952562807743933,11.757639329263156],[11.969163733541968,12.77418420827866,10.749224610211634,11.015421881177987],[11.118316497672568,11.398501218441627,10.740939223566176,10.785822272002301],[10.819873089427263,10.875501587149632,10.740566557774914,10.726661954506261],[10.764638159651359,10.764480770838944,10.740490467933682,10.712976155780247],[10.740871177018162,10.74856810625538,10.741016650480342,10.737448457027758],[10.740629696071423,10.740590034140155,10.740121667085083,10.72479338521034],[10.740692374875962,10.740397562018105,10.740202156634595,10.730813651150655]],"deadline_satisfy":[[0.738125,0.610625,0.908125,0.83375],[0.818125,0.6925,0.983125,0.91875],[0.901875,0.8375,0.999375,0.9775],[0.969375,0.9475,1,0.99625],[0.99375,0.98875,1,0.999375],[0.998125,0.998125,1,1],[1,0.999375,1,1],[1,1,1,1],[1,1,1,1]],"semantic_satisfy":[[0.000625,0,0.000625,0],[0,0,0,0],[0,0,0,0.000625],[0.000625,0,0,0],[0,0.000625,0,0.001875],[0,0,0,0.0025],[0,0,0,0],[0,0,0,0.00125],[0,0,0,0.000625]],"joint_satisfy":[[0.00046875,0,0.00046875,0],[0,0,0,0],[0,0,0,0.000625],[0.000625,0,0,0],[0,0.000625,0,0.001875],[0,0,0,0.0025],[0,0,0,0],[0,0,0,0.00125],[0,0,0,0.000625]],"experiment":"constraint"},"x_vals":[-25,-22.5,-20,-17.5,-15,-12.5,-10,-7.5,-5]}