{"run_id":"constraint_20260126_124549","tag":"constraint","timestamp":"2026-01-26 12:45:49","result":{"x_vals":[-25,-22.5,-20,-17.5,-15,-12.5,-10,-7.5,-5],"algorithms":["random","norm","proposed","ga"],"mc":200,"sum_rate":[[2.7549295245428919E+6,2.7837266145589864E+6,2.8635376610607035E+6,3.1648299894735529E+6],[2.7347473781711208E+6,2.83975068588822E+6,2.8496534424128146E+6,3.125527897457676E+6],[2.7733362691571461E+6,2.8268767622821992E+6,2.8489692880701288E+6,3.2602317869796688E+6],[2.7735223834973918E+6,2.7705263144700532E+6,2.8978775987794278E+6,3.3324532017802233E+6],[2.8025335791631765E+6,2.8329956134876464E+6,3.014600400644484E+6,3.3993236966711325E+6],[2.9387919488478089E+6,2.8739460205267705E+6,3.149002167871384E+6,3.4782355297298604E+6],[3.1190335752247958E+6,2.923500652090224E+6,3.3001906438354766E+6,3.5941391863681935E+6],[3.2461031570070465E+6,3.0290317934670793E+6,3.6054974025974255E+6,3.7652948994592731E+6],[3.465336332439261E+6,3.2204769617842748E+6,3.9416834768891064E+6,3.9639133382118996E+6]],"avg_qoe":[[7.0428290822618376,7.680689330575178,6.1887615501541271,6.1968535742571147],[6.6479450034205616,7.2700541976814552,5.8165596703571838,5.834825266312814],[6.22086573241018,6.5395237557445993,5.7353226806084514,5.6762115304877234],[5.8824952660313592,5.9956396224464017,5.7284260714838533,5.603216345278363],[5.7672316661316039,5.7816068022466265,5.7277872723087695,5.5935673108680639],[5.7412893945907193,5.7410512689604465,5.7276526683871909,5.6091722408226863],[5.7312581307866131,5.7252588183720805,5.7349354989141226,5.5989597594424936],[5.7247243672639208,5.728003314469678,5.714455125187178,5.5853828665105629],[5.7341694731451511,5.7306337690400779,5.7299386520153632,5.5978094386936847]],"deadline_satisfy":[[0.738125,0.610625,0.908125,0.88625],[0.818125,0.6925,0.983125,0.96875],[0.901875,0.8375,0.999375,0.991875],[0.969375,0.9475,1,0.9975],[0.99375,0.98875,1,0.999375],[0.998125,0.998125,1,1],[1,0.999375,1,1],[1,1,1,1],[1,1,1,1]],"semantic_satisfy":[[0.00125,0.001875,0.00125,0.02],[0,0.00125,0.000625,0.01],[0.00125,0.001875,0.000625,0.0175],[0.00125,0.000625,0.00125,0.025625],[0,0.001875,0.00125,0.025625],[0.000625,0.000625,0.00125,0.021875],[0.000625,0.0025,0,0.02375],[0.001875,0.00125,0.00375,0.02625],[0,0.000625,0.000625,0.02375]],"joint_satisfy":[[0.001015625,0.001171875,0.0009375,0.016015625],[0,0.0009375,0.000625,0.009140625],[0.001171875,0.00171875,0.000625,0.01703125],[0.001171875,0.000625,0.00125,0.0253125],[0,0.001875,0.00125,0.025546875],[0.000625,0.000625,0.00125,0.021875],[0.000625,0.0025,0,0.02375],[0.001875,0.00125,0.00375,0.02625],[0,0.000625,0.000625,0.02375]],"experiment":"constraint"},"x_vals":[-25,-22.5,-20,-17.5,-15,-12.5,-10,-7.5,-5]}