{"run_id":"fairness_20260125_171117","tag":"fairness","timestamp":"2026-01-25 17:11:17","result":{"x_vals":[-20,-15,-10,-5,0],"algorithms":["random","norm","qoe","exhaustive","ga"],"mc":30,"sum_rate":[[2.5888817976519265E+6,2.7056949035265329E+6,2.8633642732238243E+6,2.7884009264638484E+6,2.8235732081322726E+6],[2.9633428328621206E+6,2.9115841728825192E+6,2.931304757348875E+6,2.8111860823111534E+6,2.8103515630644686E+6],[2.90341426237838E+6,2.8821974206630508E+6,3.0365168367386167E+6,2.9943230970469238E+6,2.9181551938817343E+6],[3.142978809823425E+6,3.1039986711037825E+6,3.3952202020492316E+6,3.1682106853588452E+6,3.1890559128908063E+6],[3.6327758917230414E+6,3.3696954297806653E+6,4.0514574198681922E+6,4.060941673198902E+6,4.0179937350168531E+6]],"avg_qoe":[[5.1650175509252652,5.7666831802607144,3.8532219717157572,5.0308967332852115,5.0641666857524834],[3.3772152930361297,3.8614775367397249,2.5938600476777536,3.4281003752728281,3.4949550054823182],[2.693949669367405,2.7939098887956058,2.5935576286288247,2.6934394649633897,2.6939071386328544],[2.5934576449840523,2.5934080583305477,2.5936592926136028,2.5932332834862488,2.5932561658133482],[2.5930201990716046,2.5938053826894318,2.5931332785642791,2.59254516593188,2.5926288890000619]],"fairness_rate":[[0.47155915006514426,0.48795137836232344,0.48557968427640252,0.47926933373121255,0.48140116994340904],[0.48855714193740113,0.49876080985539806,0.51500801664275142,0.50377183123820568,0.5060572627900406],[0.53116542844189218,0.51690275181733525,0.57830595338632462,0.54125943016984635,0.5444784402470968],[0.59799577115734381,0.56466136980564485,0.688441047907766,0.63288823025866825,0.63172720120717807],[0.725954801121208,0.68835317053675182,0.83751033520794382,0.78190196683729607,0.78070965738309028]],"fairness_qoe":[[0.82377751269709865,0.78397520110293717,0.89775731480887278,0.83250044112187183,0.83015632215770985],[0.91486315509599869,0.91152043536454708,0.99999678391224267,0.941607646725348,0.93695885369639642],[0.99293742598257251,0.985879359117807,0.99999548269497707,0.99293090828239661,0.99293865304808826],[0.9999951423860105,0.99999456368082085,0.9999976083487454,0.9999935576001332,0.99999373952386406],[0.99999379754979223,0.99999874525623078,0.999994656876473,0.99999360089193845,0.9999937083359185]],"worst_5pct_qoe":[[10.346211394442669,10.619602426122563,8.46819022210667,10.346866377188434,10.613367395429684],[7.9354572062439548,8.7366920235624175,2.5973837477879425,7.4022415140747686,7.6690004079255836],[3.3979345317375507,4.1986413234118887,2.5963857753949839,3.3978747185687346,3.3978421210721743],[2.5963884213480557,2.5965690183051282,2.5959513743920573,2.596285014265673,2.5962965158813613],[2.5959083602211308,2.5959982338720553,2.5955805807425576,2.5957254732484047,2.5957423551259469]],"experiment":"fairness"},"x_vals":[-20,-15,-10,-5,0]}