{"run_id":"fairness_20260126_124518","tag":"fairness","timestamp":"2026-01-26 12:45:18","result":{"x_vals":[-25,-22.5,-20,-17.5,-15,-12.5,-10,-7.5,-5],"algorithms":["random","norm","proposed","ga"],"mc":200,"sum_rate":[[2.7549295245428919E+6,2.7837266145589864E+6,2.8425102369027603E+6,3.0447394635845958E+6],[2.7347473781711208E+6,2.83975068588822E+6,2.8787603512895615E+6,2.9652159507408E+6],[2.7733362691571461E+6,2.8268767622821992E+6,2.8599885000846912E+6,2.9173678864636435E+6],[2.7735223834973918E+6,2.7705263144700532E+6,2.9082173961099661E+6,2.9145659676768696E+6],[2.8025335791631765E+6,2.8329956134876464E+6,3.0178090380149316E+6,2.9579130816273759E+6],[2.9387919488478089E+6,2.8739460205267705E+6,3.149002167871384E+6,3.0366005039876653E+6],[3.1190335752247958E+6,2.923500652090224E+6,3.3001906438354766E+6,3.1614099910303145E+6],[3.2461031570070465E+6,3.0290317934670793E+6,3.6054974025974255E+6,3.3390169663295746E+6],[3.465336332439261E+6,3.2204769617842748E+6,3.9416834768891064E+6,3.6303998719525849E+6]],"avg_qoe":[[8.3786296224204051,8.5632570343432981,7.4846147380935966,7.2689627590972341],[7.958491508266925,8.3716012408483742,6.8491481664909557,6.7163067219836581],[7.6158301369652239,7.9565957057782386,6.3551147281326736,6.279947505632391],[7.2993382691131243,7.3999039392018453,6.217140811866531,5.9511357799583831],[6.7651260569224814,6.7704695272875108,6.1417246630345854,5.7712086641834777],[6.6362892051457356,6.4392128380375757,6.2166401338360631,5.7134530929542713],[6.6014587776664095,6.2420888677933419,6.2423980831710368,5.7157590848165265],[6.5761849332786282,6.3074675215894516,6.238013003507783,5.69618764975565],[6.4700177963526251,6.2477901556940729,6.21303418899686,5.7021757858324484]],"fairness_rate":[[0.46998649926319358,0.48110931459620671,0.486721285909263,0.46805943843677555],[0.47909310333441246,0.48170484609108755,0.49526612420192123,0.478554461400584],[0.48717837147090931,0.48616241513874714,0.508550117926028,0.46553131728249153],[0.49587969133779219,0.49208185705967511,0.52682775629914014,0.45996556478438577],[0.51474101812053163,0.4965806408863398,0.55372780218021067,0.45224380000865394],[0.54392935027146516,0.51746267015568559,0.5957023141275789,0.45262754055027843],[0.58172797685714739,0.53627158232715477,0.6591214507860782,0.47619417514343093],[0.6254251914802883,0.56674090800733812,0.71665795197553961,0.51624119700188131],[0.68899952831036049,0.61334058355353249,0.79380938709796112,0.58018799272562271]],"fairness_qoe":[[0.91906400995933024,0.91337101248756,0.9346005606930945,0.90805690408125117],[0.92603398016792438,0.917481241485527,0.95518042535434777,0.95531657972867567],[0.93042086461163676,0.91873222775999386,0.97570139455313354,0.9496888168245744],[0.93629235773314923,0.94050513732591878,0.980773883700121,0.9660518493480853],[0.96051673799018578,0.95665101122442986,0.983609128499199,0.96199003767217706],[0.96455975161081253,0.97231785108744073,0.97702874130586592,0.960438470108316],[0.965646000070251,0.97599970801476754,0.97954585303935116,0.97514160971715869],[0.96307047432103021,0.973366966769401,0.97260748061796742,0.94645109544282169],[0.97066211203293362,0.97931800643466815,0.9807491938138323,0.94992901105781047]],"worst_5pct_qoe":[[10.772552337742964,10.783142055363538,10.607093729326039,10.638281383233466],[10.738879051601902,10.767998110568648,9.8747844120030965,9.9547875617660928],[10.729986045306614,10.733699531498393,9.0963086770450783,8.924268248162468],[10.525248055513982,10.652547280454437,8.6930325311505587,7.3226365421170785],[10.071279901102878,10.148425809741848,8.5180186252589554,6.2479645689337415],[10.194284366067484,9.5687660406812,8.9660116673684538,5.84823216734522],[10.290953794722427,9.1186806603767643,9.1664409202057442,5.7728760897885865],[10.167516676783391,9.46734327737115,9.1667324380993609,5.8225419033797516],[9.91600911762437,9.16541423475546,8.84179805175334,5.8472387742947172]],"experiment":"fairness"},"x_vals":[-25,-22.5,-20,-17.5,-15,-12.5,-10,-7.5,-5]}