{"run_id":"fairness_20260125_175414","tag":"fairness","timestamp":"2026-01-25 17:54:14","result":{"x_vals":[-20,-15,-10,-5,0],"algorithms":["random","norm","qoe","exhaustive","ga"],"mc":50,"sum_rate":[[2.6445630702353637E+6,2.7567197075118609E+6,2.8080981893545967E+6,2.8183618221064406E+6,2.8212525268406225E+6],[2.9500967879398535E+6,2.8673961830705358E+6,2.9142618151340974E+6,2.7730054765868997E+6,2.7578112657569051E+6],[2.9041330083716507E+6,2.9131511584107359E+6,3.0772853409772841E+6,3.0521574504334652E+6,3.0318148090891065E+6],[3.1061717665444817E+6,3.1253861030288721E+6,3.294059704568591E+6,3.1347994010989694E+6,3.1569657047244026E+6],[3.5985657126979036E+6,3.389615418387867E+6,4.0463540400083191E+6,4.0379175744008054E+6,4.0550230855297376E+6]],"avg_qoe":[[5.1580216162055832,5.7995732980072967,3.9701565867812278,5.11229844732006,5.0974933763788881],[3.444102802916567,3.9748928071673024,2.5938978975066358,3.4748864510052,3.4950141880264329],[2.6739765397884621,2.773834942170625,2.5935436044041444,2.6732552590623833,2.6734211165560442],[2.5936295401974645,2.59332546334391,2.5938166341171938,2.5933611082587156,2.5933722097371814],[2.5931622011659825,2.5936032686508472,2.5931251044183834,2.5874256356305976,2.5872486472784311]],"fairness_rate":[[0.47376325638857636,0.48627404103097455,0.48632072912876922,0.47762589526837979,0.4802180919541309],[0.4899398721413496,0.495637421030452,0.51503771626140338,0.500204390341615,0.5000673373057225],[0.52907423325064284,0.51717913124065007,0.57869364848616245,0.54182834677776015,0.540658939821547],[0.60538462059330489,0.57141013397342677,0.69093738915656278,0.63106463027639148,0.6285391690467822],[0.71824791916024977,0.68194549500269663,0.83190435770519,0.77791551274424431,0.77731941363756907]],"fairness_qoe":[[0.82456204699833135,0.78176961227205677,0.89586815665274278,0.81873765878488358,0.82804384331820713],[0.9222497274154372,0.903618373862983,0.99999701023363852,0.93835212672411106,0.936893513060691],[0.99434945880786818,0.98729148909540787,0.99999616873806263,0.99434396245208978,0.994348142328344],[0.99999628422949682,0.99999468423829041,0.99999792280599853,0.99999447183944468,0.99999467408674836],[0.99999545603226037,0.99999793222842071,0.99999563834941829,0.99079325592579071,0.9907924558370198]],"worst_5pct_qoe":[[10.451549830868517,10.618299019206312,8.68182070614738,10.4528163227928,10.612800372065442],[8.0420562137664664,9.3233095240634967,2.5975010173655062,7.721755107813558,7.8818026552798734],[3.2378863798881277,4.0386420594784633,2.5963483913315542,3.2377717010971336,3.2377769722137533],[2.596384163813545,2.5965404754864974,2.5959288774706284,2.5962581626976111,2.5962826986297118],[2.5959275181744168,2.59600034772741,2.5956228689696288,2.5957620766294411,2.5957681630540521]],"experiment":"fairness"},"x_vals":[-20,-15,-10,-5,0]}