{"run_id":"fairness_20260125_171504","tag":"fairness","timestamp":"2026-01-25 17:15:04","result":{"x_vals":[-20,-15,-10,-5,0],"algorithms":["random","norm","qoe","exhaustive","ga"],"mc":10,"sum_rate":[[2.5339402124170437E+6,2.722995675850681E+6,2.8482354915760234E+6,2.7181725672112396E+6,2.7753303631680659E+6],[2.9348427792573888E+6,2.9528098369095973E+6,2.7770861412983397E+6,2.8710402678314545E+6,2.7932450414975635E+6],[2.9256264273258457E+6,2.7321834399834415E+6,3.01357499681623E+6,2.9698120811270936E+6,2.8556040313006155E+6],[3.1145706216571727E+6,3.1037044234393919E+6,3.4510130365038076E+6,3.2346017069745758E+6,3.2346017069745758E+6],[3.7811260657021753E+6,3.3764595718332855E+6,4.141018159451359E+6,4.1793545817047544E+6,4.0885963733266457E+6]],"avg_qoe":[[4.7978589438121206,5.4995160569033832,3.2948934629037558,4.7977940479785683,4.797677915707534],[3.6951439199361586,3.9946637643199736,2.5943677363357667,3.5942732533980646,3.5952924053074349],[2.5937095474651595,2.5945083365593939,2.5937526502652881,2.592891957969242,2.5938951248574575],[2.5932452112556663,2.5929116783992039,2.5935035947626774,2.5931977013069791,2.5931977013069791],[2.5921186604272028,2.5936313633114,2.5934478641780427,2.5923482484504419,2.5924778335157939]],"fairness_rate":[[0.46114201096598367,0.49420264228644512,0.4901893604324023,0.49264753507967346,0.49366402859002961],[0.49873262336248408,0.49255827137785435,0.50859158899149892,0.49622497535860371,0.5106204317146974],[0.52322831730408526,0.51666581658304189,0.57608374478296454,0.54075230661324114,0.54600071916968851],[0.60216096034602806,0.55196753213167349,0.68524228191194525,0.63642986726038542,0.63642986726038542],[0.74519825031615594,0.68599593159119343,0.86792426008580459,0.80444344366256737,0.79938246039331573]],"fairness_qoe":[[0.848371443606467,0.80104467664005485,0.9513186969639984,0.84821314330239983,0.84820884675690367],[0.9228273851888309,0.90208828044906986,0.99999803684699784,0.92999897673786269,0.930039425066244],[0.99999629398914325,0.99999720478953091,0.99999750959050782,0.99998270241127651,0.99999495467945521],[0.99999296392206793,0.999987969157685,0.99999741406569154,0.99999564436455479,0.99999564436455479],[0.99998542055601691,0.99999814136996135,0.999998357397074,0.9999937560737846,0.99999380982660513]],"worst_5pct_qoe":[[9.81107208393561,10.616909116904557,5.8001439392731324,10.612454021096577,10.612849788031784],[9.0036320293965311,9.0034565250772971,2.5974877731555677,7.4031795446557807,7.403178674575952],[2.597396601097631,2.5980170840766044,2.5964577803283828,2.5977881261313605,2.5975885143259467],[2.5964809779061424,2.5965716978121085,2.5959422760604061,2.5962130705159043,2.5962130705159043],[2.5958581922422619,2.5959888044755788,2.5955133837605961,2.5956908250341071,2.5957278981808116]],"experiment":"fairness"},"x_vals":[-20,-15,-10,-5,0]}