{"run_id":"hetero_20260125_185601","tag":"hetero","timestamp":"2026-01-25 18:56:01","result":{"x_vals":[-20,-17,-14,-11,-8,-5,-2],"algorithms":["random","norm","qoe","exhaustive","ga"],"mc":200,"sum_rate":[[3.312449126899818E+6,3.688019320872433E+6,3.6928630168777895E+6,3.7136423992727711E+6,3.6766168383598817E+6],[3.4152866731270133E+6,3.6150827249985067E+6,3.6665464013608862E+6,3.7055572907868307E+6,3.7288704249686962E+6],[3.435914104430839E+6,3.7372169745685966E+6,3.8102171125041856E+6,3.7104778272842248E+6,3.7316153496202664E+6],[3.5178126985204341E+6,3.706124830882153E+6,3.807496280962985E+6,3.8154422876455234E+6,3.8412852494103014E+6],[3.5249421131826867E+6,3.7082394775675642E+6,4.0108820458216812E+6,3.9636445052945106E+6,3.9684332459723335E+6],[3.685384827059499E+6,3.8614006235280987E+6,4.1864690597466244E+6,4.0434245057707517E+6,4.069084239747731E+6],[3.9348587761634625E+6,3.9048906516926126E+6,4.410369282139387E+6,4.22144061501552E+6,4.2066678447360182E+6]],"avg_qoe":[[6.0428578528570869,6.5732642133852934,5.1869557960612926,6.0561950000034779,6.049515975520543],[5.5806825262236863,5.864961442947255,4.9943561416633777,5.4595785304322568,5.4689835055623393],[5.1730805769729038,5.27582741429461,4.9550942425747069,5.12462277875392,5.12512964356172],[5.0179838700071029,5.0029807023073865,4.9887002520680142,4.9765885767043168,4.9669002370312105],[4.9795913222361294,4.9965752092833906,4.96476725534385,4.9654397681045994,4.9637170884240707],[4.9725452327418731,4.9663219155960245,4.9423833247560394,4.924827513806366,4.9220736559718805],[4.9773083383580135,5.0136775997239331,4.9954675545677567,4.9551747535623711,4.9612474549370909]],"urllc_qoe":[[2.2859162202886973,4.3953822636788065,1.9087974687855871,3.4029407417261717,3.3805798362388488],[1.9526305744989043,3.0480712437860875,1.5250302343632547,2.2662704742771571,2.3508861428518046],[1.6541809088653634,2.0411620144125724,1.5123205378683753,1.7601052844388121,1.757370714898588],[1.5387495319776272,1.5784499627275415,1.5198491477439953,1.5623723073188309,1.5569790534559962],[1.5215902743658853,1.5386364424063366,1.5331988498185689,1.5253035427264252,1.5250735020704524],[1.5221615847963461,1.5282688508334166,1.525014010512233,1.5256819459219548,1.5228172771158119],[1.5270446239967117,1.5305931068707315,1.5200540131903895,1.5285442955889568,1.5286857899003028]],"semantic_qoe":[[8.30626041514278,8.4525222716136224,7.7658822620815338,8.2218488926149753,8.18478058331268],[8.0172012098494037,8.0868643089127676,7.7831832036407427,8.0387539146914815,8.0086800051752487],[7.82078526997321,7.817757516763419,7.7079882114193374,7.8169421068273373,7.83470367894115],[7.73082063038903,7.6942098394616218,7.745990834492833,7.6819892183116476,7.6712127987083658],[7.7083558838021826,7.7621131180331062,7.7047650546087816,7.7039102708278779,7.6856138260595932],[7.6876608495064582,7.7243159202458216,7.7086325598770795,7.6320422001018748,7.6122109162305716],[7.7238822291353291,7.7989751347976179,7.7830264558370779,7.7049904690671323,7.7231775421589859]],"besteffort_qoe":[[7.5363969231397849,6.8718881048634515,5.8861876573167544,6.5437953656692862,6.5831875070101038],[6.7722157943227534,6.459948776142908,5.6748549869861407,6.0737112023281385,6.0473843686599658],[6.0442755520801361,5.9685627117078379,5.64497397843641,5.7968209449956056,5.7833145368454222],[5.7843814476546482,5.736282304732998,5.7002607739672158,5.685404204482472,5.6725088589292669],[5.708827808540323,5.6889760674107288,5.6563378616041984,5.6671054907594929,5.6804639371421635],[5.7078132639228132,5.6463809757088361,5.593503403878807,5.6167583953952729,5.631192774569258],[5.680998161942,5.7114645575034526,5.683322194675803,5.6319894960310251,5.631879032751983]],"experiment":"heterogeneous"},"x_vals":[-20,-17,-14,-11,-8,-5,-2]}