{"run_id":"hetero_20260125_175023","tag":"hetero","timestamp":"2026-01-25 17:50:23","result":{"x_vals":[-20,-15,-10,-5,0],"algorithms":["random","norm","qoe","exhaustive","ga"],"mc":50,"sum_rate":[[2.5188997254038071E+6,2.5129671709008818E+6,2.4891159625302604E+6,2.5129671709008818E+6,2.5976249432904762E+6],[2.5288814929848695E+6,2.5790280937340138E+6,2.5834543357954621E+6,2.5790280937340138E+6,2.6497168942942638E+6],[2.6335741615978549E+6,2.6199016347996388E+6,2.8142933448914625E+6,2.6199016347996388E+6,2.7269473860583995E+6],[3.0744843988037137E+6,2.8184066452612821E+6,3.1547285338016963E+6,2.8184066452612821E+6,3.1409550011228872E+6],[3.4170872397092921E+6,3.2805943971418659E+6,3.9106104272720432E+6,3.2805943971418659E+6,3.8194879435246605E+6]],"avg_qoe":[[6.6939691911359818,7.6774164179435,6.3832183037234005,7.6774164179435,6.9956173288611714],[5.7099503355004826,6.20734517026694,5.1151987061959918,6.20734517026694,5.9068050942138051],[5.1514726104307336,5.224163025092591,5.0435695963663649,5.224163025092591,5.161519354000732],[5.0442465210258653,5.0433480009589946,5.043749085600429,5.0433480009589946,5.04289777751376],[5.0442281406789373,5.0429871996480946,5.0432077910159006,5.0429871996480946,5.0426749048090729]],"urllc_qoe":[[2.6259636758825837,6.354128294812714,3.887613791564696,6.354128294812714,4.9111691438602421],[1.7846960485334307,3.1672416132401855,1.7255653544104446,3.1672416132401855,2.866620071605082],[1.6045535631823749,1.7255474185555151,1.5449730130086246,1.7255474185555151,1.6653042209257014],[1.5438552156724614,1.5449552675504241,1.5447776293109932,1.5449552675504241,1.5445925790344024],[1.5441421154589179,1.5447273952189058,1.5446074863085544,1.5447273952189058,1.5445885942434125]],"semantic_qoe":[[9.0049266276199251,9.164556776129082,8.5832584341918636,9.164556776129082,8.9634649008682],[8.26353049233885,8.54350803413727,7.8426244305965289,8.54350803413727,8.3428950461266087],[7.9034036799077283,8.0027143301601171,7.8418888136205558,8.0027143301601171,7.941768160967249],[7.8430717056099271,7.84189974457989,7.8437410758279995,7.84189974457989,7.84126695329365],[7.8424870258498318,7.8401144525761728,7.8422686421372934,7.8401144525761728,7.84274409995459]],"besteffort_qoe":[[8.4510172699054351,7.513564182888703,6.6787826854136414,7.513564182888703,7.1122179418550733],[7.0816244656291669,6.9112858634233625,5.7774063335810011,6.9112858634233625,6.5109001649097218],[5.9464605882020978,5.9442273265621433,5.7438469624699158,5.9442273265621433,5.8774856801092419],[5.7458126417952062,5.7431889907466687,5.7427285516622923,5.7431889907466687,5.7428338002132273],[5.7460552807280605,5.7441197511492046,5.7427472446018548,5.7441197511492046,5.7406920202292175]],"experiment":"heterogeneous"},"x_vals":[-20,-15,-10,-5,0]}