{"run_id":"hetero_20260125_170738","tag":"hetero","timestamp":"2026-01-25 17:07:39","result":{"x_vals":[-20,-15,-10,-5,0],"algorithms":["random","norm","qoe","exhaustive","ga"],"mc":30,"sum_rate":[[2.5835527635190575E+6,2.4170411973284809E+6,2.4935583655939903E+6,2.4170411973284809E+6,2.6116581111319009E+6],[2.496556169275607E+6,2.6132849183035139E+6,2.6047792958818479E+6,2.6132849183035139E+6,2.7140629932845086E+6],[2.655665103110435E+6,2.57298357248666E+6,2.7964792356828735E+6,2.57298357248666E+6,2.7596481400009696E+6],[3.0785337526130066E+6,2.7615779829799337E+6,3.1028737175638396E+6,2.7615779829799337E+6,3.1089979952818057E+6],[3.44358488106185E+6,3.2319770428833202E+6,3.9685393817791478E+6,3.2319770428833202E+6,3.7856960819396502E+6]],"avg_qoe":[[6.6581217649097306,7.6307321430866439,6.25264633829483,7.6307321430866439,6.9618908091961647],[5.6676619311945062,6.1781068463634989,5.1100829887483226,6.1781068463634989,5.81467016124434],[5.1560713192557639,5.2409285730242372,5.0437178111763785,5.2409285730242372,5.1803398683175219],[5.0441743806074433,5.0437653285807436,5.0440608207820743,5.0437653285807436,5.0426823215200614],[5.0442187722196,5.0430879289502837,5.0431561650021566,5.0430879289502837,5.0430159407816424]],"urllc_qoe":[[2.7460363838847135,6.4546146797654744,3.6473459599728004,6.4546146797654744,4.8515626301468551],[1.8448609637345466,3.2474105164047069,1.7459673681484646,3.2474105164047069,2.5464440966231483],[1.6444994782765174,1.7456691772890276,1.5450657235865415,1.7456691772890276,1.7454678029919102],[1.5436662194515669,1.5451258227901887,1.5447402363774345,1.5451258227901887,1.5446472012762547],[1.5441651760613448,1.5447446595999754,1.544461878980063,1.5447446595999754,1.5446312054988027]],"semantic_qoe":[[8.9777310990784631,9.0793300362742482,8.47628879814229,9.0793300362742482,8.84363128827379],[8.2433974612919272,8.54215426519096,7.8409484535067726,8.54215426519096,8.3754872719031219],[7.910424558903304,8.0106953872072229,7.8426061561051164,8.0106953872072229,7.9405211015438768],[7.8427834544328165,7.8431269084708815,7.844002769952823,7.8431269084708815,7.84063783763404],[7.8423889801015321,7.8394748750476113,7.8422451141768645,7.8394748750476113,7.842780615802087]],"besteffort_qoe":[[8.2505978117660188,7.3582517132202154,6.6343042567693944,7.3582517132202154,7.190478509167848],[6.9147273685570463,6.7447557574948327,5.7433331445897284,6.7447557574948327,6.52207911520675],[5.9132899205874674,5.966421154576464,5.7434815538374808,5.966421154576464,5.8550307004167808],[5.746073467937947,5.7430432544811634,5.743439456015965,5.7430432544811634,5.7427619256498925],[5.7461021604959246,5.74504425220326,5.7427615018495413,5.74504425220326,5.7416360010440393]],"experiment":"heterogeneous"},"x_vals":[-20,-15,-10,-5,0]}