{"run_id":"hetero_20260125_171351","tag":"hetero","timestamp":"2026-01-25 17:13:51","result":{"x_vals":[-20,-15,-10,-5,0],"algorithms":["random","norm","qoe","exhaustive","ga"],"mc":10,"sum_rate":[[2.3681394401414627E+6,2.4716950960297915E+6,2.5325495702133616E+6,2.4716950960297915E+6,2.5415067842907929E+6],[2.4121636418836275E+6,2.7135527782964637E+6,2.4972885655889008E+6,2.7135527782964637E+6,2.9123910293810805E+6],[2.9635848121379204E+6,2.59334869847773E+6,2.7529070607892196E+6,2.59334869847773E+6,2.7204974337293715E+6],[2.965130369482039E+6,2.843696669722206E+6,3.1179724140035929E+6,2.843696669722206E+6,3.0950654463118003E+6],[3.6126174588742792E+6,3.4038112404017458E+6,4.176809766480288E+6,3.4038112404017458E+6,3.7800848950078017E+6]],"avg_qoe":[[6.6027488695169012,7.4157746604266181,5.9781677278963539,7.4157746604266181,6.6692228359991788],[5.9021519235303623,6.2893505104504994,5.1448028719575181,6.2893505104504994,5.798592962923184],[5.1002523566239359,5.13371842245154,5.0437338870311939,5.13371842245154,5.0437914099199315],[5.0446275994887175,5.0435660678755152,5.0439762415137643,5.0435660678755152,5.0433866748316074],[5.0433369563676465,5.0424004955258734,5.0431823374814639,5.0424004955258734,5.0427465092678316]],"urllc_qoe":[[2.4465713437515921,5.4526560714982848,2.7466150040618489,5.4526560714982848,3.9502453907299278],[1.8443857542484807,3.3472636958352182,1.8463980063442207,3.3472636958352182,2.1455249687915323],[1.5435965781643612,1.5453093332535868,1.545198880596597,1.5453093332535868,1.5455951463646627],[1.5442365996054774,1.5452065648460553,1.5447896265009695,1.5452065648460553,1.5445909244871643],[1.5443449450291908,1.544411549712968,1.5444681019405118,1.544411549712968,1.544788150353821]],"semantic_qoe":[[8.9439342154422228,9.04657939126118,8.4433631019789175,9.04657939126118,8.643602593760594],[8.4469427983833931,8.4425959234975121,7.8440569259220139,8.4425959234975121,8.340271272891453],[7.8442258260379587,7.9438242718247594,7.8412590627722336,7.9438242718247594,7.8418162710531618],[7.8431654081288995,7.8425872070806717,7.8448882180772781,7.8425872070806717,7.8429072621634166],[7.8394523026418979,7.8373482486133366,7.8421053593983121,7.8373482486133366,7.8432117613429826]],"besteffort_qoe":[[8.41774104935689,7.7480885185203885,6.7445250776482961,7.7480885185203885,7.4138205235070185],[7.4151272179592143,7.0781919120187666,5.74395368360632,7.0781919120187666,6.9099826470865668],[5.9129346656694892,5.9120216622762722,5.7447437177247522,5.9120216622762722,5.7439628123419686],[5.7464807907317752,5.7429044316998148,5.7422508799630441,5.7429044316998148,5.74266183784424],[5.7462136214318473,5.7454416882513124,5.7429735511055666,5.7454416882513124,5.7402396161066909]],"experiment":"heterogeneous"},"x_vals":[-20,-15,-10,-5,0]}