{"run_id":"hetero_20260125_180232","tag":"hetero","timestamp":"2026-01-25 18:02:32","result":{"x_vals":[-20,-15,-10,-5,0],"algorithms":["random","norm","qoe","exhaustive","ga"],"mc":50,"sum_rate":[[3.2089963779541091E+6,3.7229886643445613E+6,3.6951817558854548E+6,3.6833342210276164E+6,3.6158946256722845E+6],[3.4585258657543026E+6,3.6860325142967938E+6,3.8384993152345479E+6,3.8025120085275592E+6,3.8886064513935759E+6],[3.4105052001219778E+6,3.8644484339450919E+6,4.1270267857518853E+6,3.6778648095196108E+6,3.7714680631481479E+6],[3.7434674375065281E+6,3.8129842746339226E+6,3.9999660407289718E+6,4.0492230746849123E+6,4.0828996341544688E+6],[4.1215277262791609E+6,3.9988423937324844E+6,4.5659239340293948E+6,4.4764738163984455E+6,4.4337935941504734E+6]],"avg_qoe":[[6.1688631987572808,6.6506852515745125,5.1988842042951289,6.0291627357014,6.0534885280750634],[5.2794375361513683,5.4376586862020915,5.0090700717933814,5.2145683807415653,5.161588982259314],[5.0537445686959961,4.9864751446629239,4.9510128428384466,5.0321313490539872,4.9997084635782976],[4.9989810184051375,4.9728099436630693,5.0273373783279762,4.9141986314381105,4.9136499919009227],[4.9607503509830746,5.0042905797441417,5.0091055162195941,5.019117102360779,5.0028431718088795]],"urllc_qoe":[[2.5008036906936923,4.5951168706553167,1.6892982822054217,3.3317256924397065,3.3322627800734086],[1.6102867078862078,2.1720355281174859,1.539473839002955,2.0621724771936916,2.0619830244254285],[1.5187710734078501,1.6101882553063773,1.518511911915893,1.5891291123124953,1.5677112413673928],[1.5190913973560438,1.5205879588650155,1.5303040641178265,1.5308140135639128,1.53051945772936],[1.5295649274185359,1.5210952210237938,1.5414459570835328,1.5199798596635672,1.5205091498155707]],"semantic_qoe":[[8.21420328987811,8.3850455600183462,7.88378100331667,8.2356349062624528,8.205240451761119],[7.9979314242899866,8.07961873775512,7.8154035673348714,7.8127205585045951,7.7073625291279377],[7.8110791644741528,7.5768277893821141,7.6698187791211918,7.7767126261282078,7.69922792311711],[7.7408000450318459,7.6707660762060383,7.8242052927539074,7.5918650812327328,7.5916796023168676],[7.6714746744574054,7.8197087910854863,7.8171822870475216,7.8202662390670552,7.82102812169947]],"besteffort_qoe":[[7.7915826157000394,6.9718933240498782,6.0235733273632919,6.5201276084020447,6.6229623523906653],[6.23009447627791,6.0613217927336711,5.6723328090423175,5.7688121065264069,5.715421393224573],[5.8313834682059849,5.772409389300277,5.6647078374782529,5.7305523087212551,5.7321862262503878],[5.7370516128275257,5.7270757959181546,5.7275027781121945,5.6199167995176893,5.6187509156565421],[5.6812114510732838,5.6720677271231468,5.6686883045277261,5.7171052083517155,5.6669922439115972]],"experiment":"heterogeneous"},"x_vals":[-20,-15,-10,-5,0]}