{"run_id":"hetero_20260126_124428","tag":"hetero","timestamp":"2026-01-26 12:44:28","result":{"x_vals":[-25,-22.5,-20,-17.5,-15,-12.5,-10,-7.5,-5],"algorithms":["random","norm","proposed","ga"],"mc":200,"sum_rate":[[3.3549350256739096E+6,3.6550802378139915E+6,3.7334928177518263E+6,4.0188408516746517E+6],[3.3999478723159991E+6,3.6617485846579461E+6,3.6641673532695095E+6,3.8396049931098246E+6],[3.4226851552201845E+6,3.6877733688579733E+6,3.7070341002703584E+6,3.8132213222788726E+6],[3.3983624559682305E+6,3.6674211088460549E+6,3.7728332282520868E+6,3.757360112347052E+6],[3.4270306571523119E+6,3.6678543409153903E+6,3.8810064274167703E+6,3.7855195965318894E+6],[3.4898970898313671E+6,3.6871975609055324E+6,4.0034019457995524E+6,3.9061551760597741E+6],[3.6523482189359772E+6,3.7165662326646354E+6,4.0808945561422044E+6,3.9886856017574747E+6],[3.7020348121464644E+6,3.82922818476963E+6,4.272984428317409E+6,4.0796655292443926E+6],[3.9208177135507129E+6,3.8689473677961617E+6,4.5575797744704094E+6,4.3202747125919089E+6]],"avg_qoe":[[7.45165166896492,7.5888561125274032,5.91182335263049,5.8575104394416826],[7.1168221747914568,7.3915164618460407,5.6632356426037509,5.4459497712700715],[6.7803636250721775,7.0047003547646707,5.6165679225091845,5.093555963785299],[6.5942331283501154,6.4656252394068749,5.6485270707602355,4.9352299737216816],[6.1720057849230834,6.046518065734908,5.4661897118188927,4.8134550958500615],[6.1550119816076494,5.8086053678092187,5.6205952921054863,4.7339800965616838],[6.272631940953679,5.7632603214278353,5.6407318840045768,4.7114485499639525],[6.2194977496088315,5.778734346758827,5.7714871244397941,4.7697920855805442],[6.1368519765188951,5.7851118574671929,5.5674706726761611,4.7304874000777719]],"urllc_qoe":[[4.9853889310779387,5.633565193636036,2.0897682006149556,3.3121730053973657],[4.6140735042112109,5.3822364591381593,2.1210900601552765,2.868050258927259],[4.2135226491773263,4.8178561929097121,2.3009051426264815,2.1293704230887944],[4.3123130505619773,3.8993070964243741,2.6154260276481569,1.9188708865478368],[3.7379814929222279,3.1766553317525883,2.3602461824748859,1.7777010870028962],[3.7579269537117006,2.8886641981060506,2.5960489364243755,1.7227588425402489],[4.27578161045355,2.9284174114592321,2.6434763738463967,1.7002557189108731],[3.9018734552209957,2.7255363733214129,2.8799501259110372,1.7489215144274826],[4.0755105992053169,2.8698527695167662,2.3896794035911664,1.613401824877704]],"semantic_qoe":[[8.9951696284548728,9.04159021846569,8.469586256612569,7.8261274736310407],[8.7838006395482537,8.8993477145738087,8.1432347946675012,7.5397764356098174],[8.6689825449168225,8.7347712308261336,8.1495210113422871,7.4353198375853848],[8.6313852144376941,8.5555377283009086,8.02982274002936,7.1635347250818269],[8.35683122550525,8.3785241629382252,7.93150348953078,7.2769020349134568],[8.348724132068849,8.23730101294462,8.0611311795861269,7.1846248980193241],[8.3233749966567032,8.1397450530173145,8.105655854678945,7.1697944114848227],[8.433362630598662,8.2660644982042637,8.0621212518036529,7.177182582277335],[8.2385338745567012,8.1476624639859558,8.15427352191312,7.2598778141052049]],"besteffort_qoe":[[8.3743964473619439,8.0914129254804781,7.1761156006639428,6.4342308392966379],[7.9525923806149077,7.8929652118261489,6.7253820729884755,5.930022619273136],[7.458585681122381,7.4614736405581716,6.3992776135587839,5.715977630681718],[6.8390011200506775,6.9420308934953479,6.30033244460319,5.7232843095353818],[6.4212046363417663,6.584374702513907,6.1068194634510133,5.38576216563383],[6.3583848590423964,6.2998508923769876,6.2046057603059568,5.2945565491254776],[6.2187392157507828,6.2216184998069606,6.1730634234883883,5.2642955194961587],[6.3232571630068346,6.3446021687508036,6.3723899956046912,5.3832721600368112],[6.09651145579467,6.33782033889886,6.1584590925241969,5.3181825612504072]],"experiment":"heterogeneous"},"x_vals":[-25,-22.5,-20,-17.5,-15,-12.5,-10,-7.5,-5]}