{"run_id":"hetero_20260126_151556","tag":"hetero","timestamp":"2026-01-26 15:15:56","result":{"x_vals":[-25,-22.5,-20,-17.5,-15,-12.5,-10,-7.5,-5],"algorithms":["random","norm","proposed","ga"],"mc":200,"sum_rate":[[3.3549350256739096E+6,3.6550802378139915E+6,3.7334928177518263E+6,3.7244727305615717E+6],[3.3999478723159991E+6,3.6617485846579461E+6,3.6641673532695095E+6,3.5849669540831912E+6],[3.4226851552201845E+6,3.6877733688579733E+6,3.7070341002703584E+6,3.4754286843106877E+6],[3.3983624559682305E+6,3.6674211088460549E+6,3.7728332282520868E+6,3.5095388456488014E+6],[3.4270306571523119E+6,3.6678543409153903E+6,3.8810064274167703E+6,3.4019132744845785E+6],[3.4898970898313671E+6,3.6871975609055324E+6,4.0034019457995524E+6,3.5587161910883738E+6],[3.6523482189359772E+6,3.7165662326646354E+6,4.0808945561422044E+6,3.5821540945635806E+6],[3.7020348121464644E+6,3.82922818476963E+6,4.272984428317409E+6,3.8226308299966217E+6],[3.9208177135507129E+6,3.8689473677961617E+6,4.5575797744704094E+6,3.9126182915262114E+6]],"avg_qoe":[[11.197535523209948,14.178804440233653,6.41415019932889,10.828380241096722],[10.387294683024734,12.792646729476308,6.4265158023024389,9.73535874013426],[9.3537689890659372,10.945706201460821,6.6674416876593909,7.9195019218567131],[9.3002105537344,8.9495631458676073,7.0714929233312862,7.0401863216926834],[8.5103671676763373,7.8500691693999531,6.7025637512380305,6.2701980629285288],[8.5500634632386774,7.3987269162520883,7.0224569331337046,6.1178572946917962],[9.189518706065229,7.4707538431158262,7.0975159582579543,6.0888427382564858],[8.7722434298314234,7.2069895584743584,7.4034365645810887,6.0450347684563255],[8.9335823068262226,7.3962883153946573,6.7675421389318338,6.1611675204478225]],"urllc_qoe":[[19.289017649104515,27.839376859080975,5.77273900845769,18.927037615991061],[17.24397882819197,24.424115485841181,5.8869197934425692,15.933821316793612],[14.634728537551876,19.259363662950555,6.5870151102025831,10.606042875534085],[14.506234519041374,13.412110579716709,7.8103119208874219,8.0509957567493746],[12.176553955283962,10.168297768038096,6.8253564212015068,5.6420657567073729],[12.256569238532895,8.870017312191969,7.7326219417852533,5.410408709681179],[14.269929382220875,9.0293859833610917,7.9148165662656833,5.2980139355276812],[12.82859774380178,8.24128995917169,8.84428655760054,5.1768645074524242],[13.489188465651445,8.8143698404095634,6.9333815897279134,5.424704500386067]],"semantic_qoe":[[7.9016746614835487,8.240598545633059,7.7660900369062951,7.6113142521502315],[7.8253047006672372,7.8958519252275368,7.7397389673210935,7.5841926001766362],[7.6654862093411644,7.8137750031299769,7.7385252482979459,7.580141135115217],[7.6653890208016318,7.7170415390011433,7.7388271650840394,7.4967139611146942],[7.6683353258668321,7.7575282287543619,7.6855079818549754,7.6244045336956887],[7.7202283634604552,7.6988052680454215,7.7401357356199458,7.4796143972502049],[7.6273792421459374,7.72124953306996,7.739660407379799,7.5011551703001142],[7.7748670116175678,7.7575690101181234,7.741125823772907,7.4799685597864451],[7.6250382418623577,7.6841670771136528,7.7207780560178465,7.5559541117055833]],"experiment":"heterogeneous"},"x_vals":[-25,-22.5,-20,-17.5,-15,-12.5,-10,-7.5,-5]}