{"run_id":"hetero_20260125_204652","tag":"hetero","timestamp":"2026-01-25 20:46:52","result":{"x_vals":[-25,-22.142857142857142,-19.285714285714285,-16.428571428571431,-13.571428571428571,-10.714285714285714,-7.8571428571428577,-5],"algorithms":["random","norm","qoe","ga"],"mc":500,"sum_rate":[[3.54179180268349E+6,3.7445684754178063E+6,3.715330411914032E+6,3.7649629480408076E+6],[3.5517752929031816E+6,3.6958956765938122E+6,3.7250623462676154E+6,3.7470695851693023E+6],[3.5546510888766991E+6,3.7087892353834356E+6,3.7315540235836781E+6,3.7926841251847725E+6],[3.5699807348675039E+6,3.7297528968867571E+6,3.754709003188299E+6,3.7738833235635608E+6],[3.5598495634146556E+6,3.7163607289013513E+6,3.8501347951686243E+6,3.7966158233892582E+6],[3.6215171612390773E+6,3.715469188059391E+6,3.9161332618693323E+6,3.8793448027792387E+6],[3.7258424973757048E+6,3.7908020838159029E+6,4.0145803800483854E+6,3.9917273772487361E+6],[3.8697015834144037E+6,3.8836035770552559E+6,4.216115787492292E+6,4.1151089136552345E+6]],"avg_qoe":[[6.7400865234677276,6.949111404333105,6.3241654258768234,6.7897419072816794],[6.4259155061009672,6.8498724102404829,5.7285993114159446,6.581586073173729],[6.0760223364303148,6.6629020024572405,5.2100134921138546,6.1849431090947222],[5.7478793850118359,6.2765795142737444,5.0688141026926159,5.8150772085892788],[5.3389122445841419,5.7030341870844277,5.0423132256283658,5.3485228244425667],[5.122156267523871,5.21393170069047,5.0409027944931548,5.1088445351074405],[5.05718170519402,5.0695137788849109,5.0412072356811466,5.047804464452418],[5.0424512049382191,5.0457564281968734,5.0421384064194132,5.04047073646943]],"urllc_qoe":[[2.814921468742829,4.7559668649656679,2.1748527004798519,4.2074268406331461],[2.3314684747079637,4.5486464144138177,1.7068236911864656,4.0169886555114322],[2.2533749403755681,4.1715696240047722,1.562908376550427,3.4015744149609022],[2.0301020593749781,3.5389709310476918,1.5567779658515701,2.8654037466415425],[1.6764250966129066,2.6258145247234368,1.5446165114190016,2.0965253835927338],[1.5923070160798631,1.7850580060306454,1.5437344905149355,1.6646923177300079],[1.5607685052309799,1.5807639644701348,1.5444817048940709,1.5557990976602813],[1.542681351517303,1.5504487306909465,1.5444675666665044,1.5443536713047614]],"semantic_qoe":[[8.6579399734812554,8.8199062846009575,8.7739158504183123,8.8301543911640952],[8.5147347288690618,8.7638499844712,8.37766228577575,8.6300493883726563],[8.3568809589505051,8.67230288970129,7.9710416156399857,8.3864940300342816],[8.1505480405038941,8.4777911861454225,7.867110476062015,8.2277712530083011],[7.99474199298176,8.1872636613088723,7.8406058257248965,7.9705037813526616],[7.8625930896718836,7.9271488050441441,7.8408559596465084,7.8735079434549391],[7.84622759708423,7.8530782332734432,7.8408495939122291,7.8398046904598075],[7.8404909909236356,7.8447376588321358,7.8403456618489038,7.8355116993329723]],"besteffort_qoe":[[8.747398128179098,7.2714610634326933,8.0237277267323019,7.3316444900478031],[8.43154331472587,7.2371208318364282,7.1013119572856187,7.0977201756370958],[7.6178111099648778,7.1448334936656623,6.0960904841511514,6.7667608822889767],[7.0629880551566337,6.8129764256281167,5.7825538661642684,6.3520566261179985],[6.3455696441577549,6.29602437522097,5.7417173397412045,5.97853930838231],[5.9115686968198657,5.92958829099662,5.7381179333180254,5.7883333441373779],[5.7645490132668522,5.7746991389111493,5.7382904082371384,5.7478096052371637],[5.744181272373722,5.7420828950675382,5.7416019907428346,5.7415468387705539]],"experiment":"heterogeneous"},"x_vals":[-25,-22.142857142857142,-19.285714285714285,-16.428571428571431,-13.571428571428571,-10.714285714285714,-7.8571428571428577,-5]}