{"run_id":"paper_sweep_power_ga_rt_final","mc":1,"seed":42,"p_list":[-25,-22.142857142857142,-19.285714285714285,-16.428571428571431,-13.571428571428571,-10.714285714285714,-7.8571428571428577,-5],"alg_names":["proposed","random","norm","ga_rt"],"metrics":{"avg_qoe":{"mean":[[0.53994080594097416,0.52934238843022274,0.73875272113079671,0.59554313517528268],[0.53774627743578007,0.55422922552818132,0.73947857041969589,0.58341695954669037],[0.53702405303602974,0.62668998629335415,0.74013284885541186,0.48960635624218685],[0.53674925724121292,0.62740621793876983,0.74050718535774518,0.54158114660908685],[0.53660820686800748,0.70238138216484247,0.74069866710058363,0.57111969687766451],[0.45678487338399759,0.75527973355783151,0.74078983768794371,0.53606338528116426],[0.45723999784085251,0.59007606858349049,0.74082261892463153,0.51596403991854967],[0.45800054907861426,0.54578539680366167,0.74081169557127546,0.59597817202704184]],"ci95":[[0,0,0,0],[0,0,0,0],[0,0,0,0],[0,0,0,0],[0,0,0,0],[0,0,0,0],[0,0,0,0],[0,0,0,0]]},"urgent_qoe":{"mean":[[0.65168573637878557,0.65838184310443537,1.3640806947801547,0.90149240754811721],[0.65359556432556909,0.65385112109021482,1.3640806947801547,0.61021524439864527],[0.65455935867100468,0.89635631552189265,1.3640806947801547,0.38170854389920472],[0.65505306092112214,0.90442658760935757,1.3640806947801547,0.66356176220577479],[0.65530468802332975,1.103238115584698,1.3640806947801547,0.62580623936576],[0.36286540587745786,1.3640806947801547,1.3640806947801547,0.66409682397818459],[0.3628715376459235,0.90384059677420348,1.3640806947801547,0.49013504228825361],[0.36252502178936874,0.66179914780727389,1.3640806947801547,0.91171927498610417]],"ci95":[[0,0,0,0],[0,0,0,0],[0,0,0,0],[0,0,0,0],[0,0,0,0],[0,0,0,0],[0,0,0,0],[0,0,0,0]]},"normal_qoe":{"mean":[[0.48406834072206834,0.46482266109311643,0.42608873430611754,0.44256849898886524],[0.47982163399088545,0.50441827774716463,0.42717750823946665,0.57001781712071287],[0.47825640021854232,0.4918568216790849,0.42815892589304039,0.54355526241367791],[0.47759735540125842,0.48889603310347596,0.42872043064654025,0.48059083881074305],[0.47725996629034656,0.50195301545491466,0.42900765326079787,0.54377642563361672],[0.50374460713726754,0.45087925294667,0.42914440914183816,0.4720466659326541],[0.504424227938317,0.43319380448813405,0.42919358099686988,0.52887853873369761],[0.505738312723237,0.48777852130185567,0.42917719596683557,0.43810762054751085]],"ci95":[[0,0,0,0],[0,0,0,0],[0,0,0,0],[0,0,0,0],[0,0,0,0],[0,0,0,0],[0,0,0,0],[0,0,0,0]]},"sum_rate":{"mean":[[9.53786264728261E+6,1.0268079287782125E+7,1.0236885081144087E+7,9.4104828761042319E+6],[9.8914339659978263E+6,9.337557766112294E+6,1.0137684636192877E+7,8.3518339806932211E+6],[1.0138985980609575E+7,1.1839745482323937E+7,1.0088314570592711E+7,1.2613850644244485E+7],[1.0293491977524217E+7,8.3043972692679055E+6,1.0063691834644616E+7,9.0853618238215577E+6],[1.0382903143890038E+7,9.410510060580859E+6,1.0051720819093686E+7,1.4514868568847034E+7],[7.1060287239054563E+6,1.1960905960846545E+7,1.0046701702005787E+7,1.0343343952560956E+7],[7.1122297597947288E+6,1.2585193289291004E+7,1.0046268813803228E+7,9.5722638959333859E+6],[7.0940688058343064E+6,1.050454506599237E+7,1.005012674491325E+7,1.1464568976931369E+7]],"ci95":[[0,0,0,0],[0,0,0,0],[0,0,0,0],[0,0,0,0],[0,0,0,0],[0,0,0,0],[0,0,0,0],[0,0,0,0]]},"urgent_sum_rate":{"mean":[[934721.91746867192,859949.10355375591,17.528444063432008,305124.36020519957],[778795.805650336,1.2331057391831505E+6,33.232148303032567,3.3993668293245221E+6],[702788.25039978942,544836.53172751667,63.538201421227662,5.6767009416213389E+6],[664545.090227315,167781.46473510127,122.02331803173524,648040.57419586158],[645042.93407033186,1.3536132208534188E+6,234.84865724139462,5.4850919180788435E+6],[72918.325150573815,491.60112529435537,452.3404528871244,413249.308989194],[72908.225600940612,119929.83487729389,870.97906794506378,2.7489481099758111E+6],[73948.260792835441,404347.18288488383,1674.4543157043836,90216.930176780515]],"ci95":[[0,0,0,0],[0,0,0,0],[0,0,0,0],[0,0,0,0],[0,0,0,0],[0,0,0,0],[0,0,0,0],[0,0,0,0]]},"urgent_avg_rate":{"mean":[[233680.47936716798,214987.27588843898,4.3821110158580021,76281.090051299892],[194698.951412584,308276.43479578762,8.3080370757581417,849841.70733113051],[175697.06259994736,136209.13293187917,15.884550355306915,1.4191752354053347E+6],[166136.27255682874,41945.366183775317,30.505829507933811,162010.1435489654],[161260.73351758296,338403.3052133547,58.712164310348655,1.3712729795197109E+6],[18229.581287643454,122.90028132358884,113.0851132217811,103312.3272472985],[18227.056400235153,29982.458719323473,217.74476698626594,687237.02749395277],[18487.06519820886,101086.79572122096,418.6135789260959,22554.232544195129]],"ci95":[[0,0,0,0],[0,0,0,0],[0,0,0,0],[0,0,0,0],[0,0,0,0],[0,0,0,0],[0,0,0,0],[0,0,0,0]]},"urgent_delay_vio":{"mean":[[0.25,0.25,1,0.5],[0.25,0.25,1,0.25],[0.25,0.5,1,0],[0.25,0.5,1,0.25],[0.25,0.75,1,0.25],[0,1,1,0.25],[0,0.5,1,0.25],[0,0.25,1,0.5]],"ci95":[[0,0,0,0],[0,0,0,0],[0,0,0,0],[0,0,0,0],[0,0,0,0],[0,0,0,0],[0,0,0,0],[0,0,0,0]]},"urgent_semantic_vio":{"mean":[[1,1,1,1],[1,1,1,0.75],[1,1,1,0.75],[1,1,1,1],[1,1,1,0.75],[1,1,1,1],[1,1,1,0.75],[1,1,1,1]],"ci95":[[0,0,0,0],[0,0,0,0],[0,0,0,0],[0,0,0,0],[0,0,0,0],[0,0,0,0],[0,0,0,0],[0,0,0,0]]},"Qd_mean":{"mean":[[0.25331010822631506,0.25901306004940011,0.55595943392272218,0.36025865426427234],[0.25339740726421783,0.26020129662220587,0.55593657157945964,0.26529763963748393],[0.25347091911813774,0.35917168355507356,0.55592604826210346,0.16010678496150277],[0.25351955584575642,0.36222747156977581,0.555920934946004,0.26001956634304907],[0.25354807594105561,0.455935583310977,0.555918347026105,0.26795043351138431],[0.12932762583442747,0.559313585938098,0.55591696479093378,0.25978329810573325],[0.12932298207247092,0.36114696540520153,0.5559161247555463,0.20671361753950868],[0.12917203512317985,0.25803014566724969,0.55591543569721547,0.3629204455908171]],"ci95":[[0,0,0,0],[0,0,0,0],[0,0,0,0],[0,0,0,0],[0,0,0,0],[0,0,0,0],[0,0,0,0],[0,0,0,0]]},"Qs_mean":{"mean":[[0.9589317786539614,0.93116254820408584,0.88596205324949151,0.90790610170658],[0.9559700846817889,0.97112438617096408,0.88743661417055286,0.98003020862767665],[0.95514858045695472,0.96983682708880936,0.88875569435934054,0.95981444715104],[0.95488205033595641,0.970478715559051,0.88950948068010671,0.95547542834340771],[0.95473159989386025,0.94749418288805753,0.88989503208568255,0.95529521560068231],[0.99896198806986269,0.91566192608818575,0.890078755495574,0.94787977091474762],[0.99987534780341247,0.8975684681616386,0.890145158004337,0.94268722294101126],[1.001634026192366,0.96970439938760988,0.89012400035595551,0.90592702080792475]],"ci95":[[0,0,0,0],[0,0,0,0],[0,0,0,0],[0,0,0,0],[0,0,0,0],[0,0,0,0],[0,0,0,0],[0,0,0,0]]},"ris_count":{"mean":[[3,4,4,3],[3,4,4,4],[3,4,4,4],[3,4,4,4],[3,4,4,4],[0,4,4,4],[0,4,4,4],[0,4,4,3]],"ci95":[[0,0,0,0],[0,0,0,0],[0,0,0,0],[0,0,0,0],[0,0,0,0],[0,0,0,0],[0,0,0,0],[0,0,0,0]]},"proposed_eval_calls":{"mean":[67,63,61,64,57,59,59,59],"ci95":[0,0,0,0,0,0,0,0]},"ga_rt_eval_calls":{"mean":[38,38,38,38,38,38,38,38],"ci95":[0,0,0,0,0,0,0,0]},"ga_rt_budget_target":{"mean":[40,40,40,40,40,40,40,40],"ci95":[0,0,0,0,0,0,0,0]}},"cfg_overrides":{},"ga_rt_cfg":{"pop_size":8,"num_generations":6,"budget_evals":40,"light_solve_only":true},"show_ga_ub":false,"include_ga_ub":false,"warm_start":false,"notes":"GA-RT is real-time constrained GA baseline; GA-UB is upper-bound reference only."}