{"run_id":"paper_sweep_power_fixed","mc":200,"seed":42,"p_list":[-25,-22.142857142857142,-19.285714285714285,-16.428571428571431,-13.571428571428571,-10.714285714285714,-7.8571428571428577,-5],"alg_names":["proposed","random","norm","ga_rt","ga_ub"],"metrics":{"avg_qoe":{"mean":[[0.59171845957040758,0.701633720512861,0.77583381905823956,0.59055037796147691,0.55368663992923661],[0.58921856965626962,0.69402490597914934,0.77612051193627651,0.58005161507627978,0.54466828966483594],[0.58582804313457393,0.69912650101014351,0.77581627083730664,0.57380087156601134,0.54533788731984667],[0.58281988232982018,0.69090951908541987,0.77544750962267894,0.57733984903738067,0.53528369568888134],[0.57469763925741368,0.70140485770019123,0.775180962360964,0.57190095907628,0.53543573064002825],[0.56745822426780235,0.69486325680666083,0.77506134573347685,0.56907059490217926,0.52997304211679419],[0.55939071069552693,0.696157684565242,0.77500567484054894,0.56334781310988957,0.521987301107781],[0.54616702927987526,0.68492186629680873,0.77269566898168418,0.55135347893262787,0.529024330678222]],"ci95":[[0.008002137398888642,0.0073443145211094267,0.0021243948254632324,0.0042720065960204336,0.0051807241375780196],[0.0082101115886781366,0.0076431166951192835,0.00201022432776174,0.0040152809502359294,0.0048289345476005925],[0.0083772663255619762,0.0071910585577256957,0.0019408837524303223,0.0041493314263367914,0.0052688280193690287],[0.0086145776383763951,0.0066896627762307844,0.0019134864712468513,0.0041337801342759056,0.0055802588118926489],[0.0092513073608357071,0.00677832185735403,0.0019066193777961438,0.0043495767983369495,0.0065345737392286654],[0.00957420903712662,0.0072690277228564752,0.0019074041994662965,0.0041250585743673037,0.0073285442383178249],[0.00955508417336523,0.0075572968583392571,0.0019083748284489204,0.0043145559264668671,0.0070895331497590822],[0.0090763153808820635,0.0083751974777835289,0.0026572590823219361,0.0048351640361202815,0.0072283392904260975]]},"urgent_qoe":{"mean":[[0.62806471783243056,1.0567910149216495,1.3640806947801558,0.654043577004315,0.4844919342116471],[0.63406314534454955,1.0294402753704088,1.3640806947801558,0.65404450004724579,0.47319718173509628],[0.6362420199883364,1.0488870255433691,1.3640806947801558,0.64397211654699338,0.49622896509574943],[0.64077267487788137,1.0270149188951314,1.3640806947801558,0.66377402892026849,0.4953758592247654],[0.630549185762614,1.0615924678903961,1.3640806947801558,0.6618020310542343,0.5135112703811342],[0.6210155470714,1.0482513208510873,1.3640806947801558,0.662174171056461,0.52630583680941911],[0.61275129093149983,1.0536136054365008,1.3640806947801558,0.62936062070490306,0.52513813565292689],[0.58090600541713333,1.0086972324333656,1.3548993620731358,0.59983203271268748,0.5363308703677615]],"ci95":[[0.02733149357700751,0.02858884234748249,1.5425518216275895E-16,0.01820268867840745,0.016742523277906415],[0.027134779057553605,0.02812938513128584,1.5425518216275895E-16,0.016758252984394036,0.016105305170532779],[0.027340610506553679,0.026661784511312254,1.5425518216275895E-16,0.017001197056002625,0.015888873725463954],[0.026816164043498514,0.024994051148736589,1.5425518216275895E-16,0.016635931411017383,0.014630933003697704],[0.02726477977006958,0.024634341793975108,1.5425518216275895E-16,0.018105495058125479,0.014631602272166696],[0.026138493873931884,0.026813344462802889,1.5425518216275895E-16,0.015716715922144034,0.014318455824561302],[0.025310980687873311,0.02600635686851379,1.5425518216275895E-16,0.017056078344578549,0.014025000793164226],[0.024219593543064976,0.028818934791410598,0.0077005308900504566,0.017135386574557886,0.014509815848634613]]},"normal_qoe":{"mean":[[0.57354533043939615,0.524055073308467,0.48171038119728188,0.5588037784400578,0.58828399278803123],[0.5667962818121296,0.52631722128351965,0.48214042051433731,0.54305517259079661,0.58040384362970576],[0.56062105470769275,0.52424623874353082,0.48168405886588272,0.53871524907552049,0.56989234843189529],[0.5538434860557897,0.52285681918056381,0.48113091704394123,0.53412275909593665,0.55523761392093929],[0.54677186600481353,0.52131105260508892,0.48073109615136872,0.52695042308730278,0.54639796076947533],[0.54067956286600338,0.518169224784448,0.48055167121013775,0.52251880682503837,0.53180664477048167],[0.53271042057754037,0.5174297241296123,0.48046816487074617,0.53034140931238294,0.52041188383520809],[0.52879754121124634,0.52303418322853046,0.481593822435959,0.52711420204259807,0.5253710608334522]],"ci95":[[0.0054517400351877191,0.0057191304816271759,0.0031865922381948447,0.0066093802955029084,0.0051522849536147037],[0.0052620385714098952,0.0053310157729282966,0.0030153364916426103,0.0057418618729088745,0.0050416835636652784],[0.0052625211072291848,0.0054933108919799451,0.0029113256286454827,0.006038081783968534,0.0050957818152918321],[0.0055208466330243511,0.0050390243565567759,0.0028702297068702778,0.0057137899652988135,0.0053225429362055224],[0.0061278046603132161,0.0052290471037290719,0.0028599290666942146,0.0058285793668340167,0.0059567574436015782],[0.0068070693304261628,0.005057954030283124,0.0028611062991994482,0.0054288666036145881,0.0065450411476218537],[0.0072451224439753856,0.004913327565868951,0.0028625622426733804,0.0057490555275614263,0.00629469743447609],[0.0072643551846708568,0.0047362754925563966,0.0031265317559228006,0.0056836056085523027,0.0066159693689919431]]},"sum_rate":{"mean":[[8.62450559167454E+6,9.6403482999460734E+6,1.0868634531202741E+7,1.0854112394671936E+7,8.8055639687016513E+6],[8.5351387333743814E+6,9.7098717178629E+6,1.0870563291229982E+7,1.090971915344597E+7,8.75891772609399E+6],[8.6353336054160185E+6,9.6905264529351834E+6,1.0913964824159283E+7,1.0557740675089946E+7,8.8769555742396377E+6],[8.7764362608383037E+6,9.7976706912697479E+6,1.0963128989680877E+7,1.0818862813118361E+7,9.382015307964148E+6],[8.73677954868172E+6,9.8571189600777682E+6,1.1012162612686701E+7,1.065737537694669E+7,9.831857929065235E+6],[8.9184451229612846E+6,9.9066121127571221E+6,1.103499228924782E+7,1.0880145198121337E+7,1.0861363632585969E+7],[9.02932363558393E+6,9.7460059485608824E+6,1.1063186828791633E+7,1.0897495492140831E+7,1.1713798940625617E+7],[9.3318541183182765E+6,9.7853759160475582E+6,1.1074639169665245E+7,1.1397935035985904E+7,1.083376648134299E+7]],"ci95":[[240909.61538950755,242910.70558004425,315711.27145547658,375462.49149556825,202275.45411314574],[223682.51315679893,240309.54024129242,300237.66127420717,409465.00807748467,186945.56454636646],[218835.05940556058,238720.00519972434,302243.60662939632,380740.93242373475,190624.15551430712],[256379.55735169185,244351.66630177735,307774.86204490176,397784.10738989,293650.4764585],[245769.64248539961,270303.20682111004,316324.00992827554,326231.48220608442,380461.50861285074],[258124.37895516717,276484.64048655296,321973.47834058397,369945.92002622818,581691.48537739879],[276491.39941790834,259247.39009012139,326701.0640486565,371668.50461174379,718016.524176577],[409860.30859698169,297675.59367941052,339566.55842521181,416555.61925842811,644889.3169534331]]},"urgent_sum_rate":{"mean":[[3.2459899810224306E+6,1.4964418753524739E+6,5.53738371445979,3.8567457150255158E+6,3.9085496572008063E+6],[2.83221491337247E+6,1.5280498127871656E+6,10.578433008734073,3.0051615295405691E+6,3.3107618038516603E+6],[2.5600425364098195E+6,1.3635983266794116E+6,20.34943398250546,2.311491514817656E+6,2.7992457455357588E+6],[2.345748847445677E+6,1.3451114674798422E+6,39.211771912056591,2.2895013032989977E+6,2.3178966392242489E+6],[2.0107648153060784E+6,1.2949304839641093E+6,75.8718361114986,1.9886487333098608E+6,2.0859865298723485E+6],[1.925929964071241E+6,1.2185716573301076E+6,146.67423566304052,1.9149900531060013E+6,1.6484402027447028E+6],[1.6322639016019327E+6,1.0919387589966482E+6,284.08305841223705,2.0839804244412333E+6,1.3587832113564832E+6],[1.5614163916782388E+6,1.2248716941217484E+6,620.62455667757774,2.1610438076303219E+6,1.4031058797358347E+6]],