{"run_id":"ris_count_ga_rt_final","mc":1,"seed":42,"p_dbw":-8,"ris_list":[1,2,3,4],"alg_names":["proposed","random","norm","ga_rt"],"metrics":{"urgent_qoe":{"mean":[[1.1252890870664738,1.1313290677226246,1.3640806947801547,1.141962550343234],[0.89937148538062073,1.132360303684125,1.3640806947801547,0.927329412066729],[0.66268509571424083,0.84199762264614431,1.3640806947801547,0.912130231984812],[0.36287919931288892,0.78565254111832972,1.3640806947801547,0.49299394410072106]],"ci95":[[0,0,0,0],[0,0,0,0],[0,0,0,0],[0,0,0,0]]},"avg_qoe":{"mean":[[0.66735063130283523,0.66297718934358507,0.74022217831036841,0.67535796479144716],[0.615207406971557,0.68643845978028228,0.72697565106912876,0.62673145230602367],[0.536735117977092,0.5919428643034953,0.73013994086501655,0.62008557350495452],[0.45720610473608464,0.58864201694262186,0.74082206553774255,0.48377521382009786]],"ci95":[[0,0,0,0],[0,0,0,0],[0,0,0,0],[0,0,0,0]]},"urgent_delay_vio":{"mean":[[0.75,0.75,1,0.75],[0.5,0.75,1,0.5],[0.25,0.5,1,0.5],[0,0.5,1,0.25]],"ci95":[[0,0,0,0],[0,0,0,0],[0,0,0,0],[0,0,0,0]]},"urgent_semantic_vio":{"mean":[[1,1,1,1],[1,1,1,1],[1,1,1,1],[1,1,1,1]],"ci95":[[0,0,0,0],[0,0,0,0],[0,0,0,0],[0,0,0,0]]},"sum_rate":{"mean":[[1.0955002835415471E+7,1.2552008054428739E+7,1.4445590986565724E+7,1.7210780380700458E+7],[1.0144682733111115E+7,1.5338599061882682E+7,1.2696809806152856E+7,1.8974071945625085E+7],[1.0163259577268617E+7,1.3606118803974222E+7,1.1153699436606968E+7,1.7225094252563253E+7],[7.1127019178324966E+6,8.2320894355429048E+6,1.004619317856105E+7,8.5523266233378183E+6]],"ci95":[[0,0,0,0],[0,0,0,0],[0,0,0,0],[0,0,0,0]]},"urgent_sum_rate":{"mean":[[816614.49180531164,44106.990744761839,165.18226779345576,16792.522544940053],[321795.63273465808,435406.51484787953,195.90595490543723,501990.55095868587],[515847.04099847842,422234.90495871776,344.75103494791745,97525.353216341173],[72885.525990656373,177153.68031484354,842.929643019685,748372.85152544035]],"ci95":[[0,0,0,0],[0,0,0,0],[0,0,0,0],[0,0,0,0]]},"urgent_avg_rate":{"mean":[[204153.62295132791,11026.74768619046,41.295566948363941,4198.1306362350133],[80448.90818366452,108851.62871196988,48.976488726359307,125497.63773967147],[128961.76024961961,105558.72623967944,86.187758736979362,24381.338304085293],[18221.381497664093,44288.420078710886,210.73241075492126,187093.21288136009]],"ci95":[[0,0,0,0],[0,0,0,0],[0,0,0,0],[0,0,0,0]]},"ris_count":{"mean":[[1,1,1,1],[2,2,2,2],[3,3,3,3],[0,4,4,4]],"ci95":[[0,0,0,0],[0,0,0,0],[0,0,0,0],[0,0,0,0]]},"proposed_eval_calls":{"mean":[63,64,66,59],"ci95":[0,0,0,0]},"ga_rt_eval_calls":{"mean":[38,38,38,38],"ci95":[0,0,0,0]},"ga_rt_budget_target":{"mean":[40,40,40,40],"ci95":[0,0,0,0]}},"stats":{"urgent_qoe":{"mean":[[1.1252890870664738,1.1313290677226246,1.3640806947801547,1.141962550343234],[0.89937148538062073,1.132360303684125,1.3640806947801547,0.927329412066729],[0.66268509571424083,0.84199762264614431,1.3640806947801547,0.912130231984812],[0.36287919931288892,0.78565254111832972,1.3640806947801547,0.49299394410072106]],"ci95":[[0,0,0,0],[0,0,0,0],[0,0,0,0],[0,0,0,0]]},"avg_qoe":{"mean":[[0.66735063130283523,0.66297718934358507,0.74022217831036841,0.67535796479144716],[0.615207406971557,0.68643845978028228,0.72697565106912876,0.62673145230602367],[0.536735117977092,0.5919428643034953,0.73013994086501655,0.62008557350495452],[0.45720610473608464,0.58864201694262186,0.74082206553774255,0.48377521382009786]],"ci95":[[0,0,0,0],[0,0,0,0],[0,0,0,0],[0,0,0,0]]},"urgent_delay_vio":{"mean":[[0.75,0.75,1,0.75],[0.5,0.75,1,0.5],[0.25,0.5,1,0.5],[0,0.5,1,0.25]],"ci95":[[0,0,0,0],[0,0,0,0],[0,0,0,0],[0,0,0,0]]},"urgent_semantic_vio":{"mean":[[1,1,1,1],[1,1,1,1],[1,1,1,1],[1,1,1,1]],"ci95":[[0,0,0,0],[0,0,0,0],[0,0,0,0],[0,0,0,0]]},"sum_rate":{"mean":[[1.0955002835415471E+7,1.2552008054428739E+7,1.4445590986565724E+7,1.7210780380700458E+7],[1.0144682733111115E+7,1.5338599061882682E+7,1.2696809806152856E+7,1.8974071945625085E+7],[1.0163259577268617E+7,1.3606118803974222E+7,1.1153699436606968E+7,1.7225094252563253E+7],[7.1127019178324966E+6,8.2320894355429048E+6,1.004619317856105E+7,8.5523266233378183E+6]],"ci95":[[0,0,0,0],[0,0,0,0],[0,0,0,0],[0,0,0,0]]},"urgent_sum_rate":{"mean":[[816614.49180531164,44106.990744761839,165.18226779345576,16792.522544940053],[321795.63273465808,435406.51484787953,195.90595490543723,501990.55095868587],[515847.04099847842,422234.90495871776,344.75103494791745,97525.353216341173],[72885.525990656373,177153.68031484354,842.929643019685,748372.85152544035]],"ci95":[[0,0,0,0],[0,0,0,0],[0,0,0,0],[0,0,0,0]]},"urgent_avg_rate":{"mean":[[204153.62295132791,11026.74768619046,41.295566948363941,4198.1306362350133],[80448.90818366452,108851.62871196988,48.976488726359307,125497.63773967147],[128961.76024961961,105558.72623967944,86.187758736979362,24381.338304085293],[18221.381497664093,44288.420078710886,210.73241075492126,187093.21288136009]],"ci95":[[0,0,0,0],[0,0,0,0],[0,0,0,0],[0,0,0,0]]},"ris_count":{"mean":[[1,1,1,1],[2,2,2,2],[3,3,3,3],[0,4,4,4]],"ci95":[[0,0,0,0],[0,0,0,0],[0,0,0,0],[0,0,0,0]]},"proposed_eval_calls":{"mean":[63,64,66,59],"ci95":[0,0,0,0]},"ga_rt_eval_calls":{"mean":[38,38,38,38],"ci95":[0,0,0,0]},"ga_rt_budget_target":{"mean":[40,40,40,40],"ci95":[0,0,0,0]}},"cfg_overrides":{},"ga_rt_cfg":{"pop_size":8,"num_generations":6,"budget_evals":40,"light_solve_only":true},"show_ga_ub":false,"include_ga_ub":false,"notes":"GA-RT is real-time constrained GA baseline; GA-UB is upper-bound reference only."}