{"run_id":"ris_count_fixed","mc":200,"seed":42,"p_dbw":-8,"ris_list":[1,2,3,4],"alg_names":["proposed","random","norm","ga_rt","ga_ub"],"metrics":{"urgent_qoe":{"mean":[[1.1155456459985642,1.2897864861183286,1.3618440805313012,1.1190721307605849,1.1164300785475207],[0.87942356961204415,1.2154079726744178,1.3620386379325355,0.90089609556889583,0.87044285827009393],[0.70148095139733047,1.1279763575643671,1.3640806947801558,0.76371885091653047,0.62709520896713644],[0.61468102125341584,1.0234420443968575,1.3640806947801558,0.64927486038054871,0.51533878882485706]],"ci95":[[0.0053768064951173009,0.015688749291603323,0.0025867795610737027,0.0046231032211686727,0.0038452462934970393],[0.012016525714254571,0.0214665319056627,0.0040024314213356286,0.010730459514316698,0.0058524035725286009],[0.019889267924943384,0.025380326913347056,1.5425518216275895E-16,0.01839476481681598,0.0089553208003804521],[0.025445451971247011,0.025643760736552806,1.5425518216275895E-16,0.018242970636925333,0.013016578275185344]]},"avg_qoe":{"mean":[[0.7073403394326091,0.75091573036797654,0.76823636436013443,0.69651721921518572,0.70914983837464451],[0.64459270993554019,0.73512289635734962,0.77104942881821925,0.64025347714979786,0.64595378069213893],[0.59677784274514911,0.71519885327144084,0.77465322728453656,0.60259749455804934,0.57736423099262157],[0.559508821818321,0.6883035776122729,0.7750076456950693,0.56730757040091651,0.51827260932790564]],"ci95":[[0.0025685788793242958,0.0044094997681847492,0.0022707881625010848,0.0023380658093113014,0.0023553101144458913],[0.003479116514812329,0.0058264520419044766,0.0020544441415302071,0.0032542521942588052,0.0026736897728218724],[0.0055078027518595243,0.0065060181246547558,0.0019704037385160638,0.0041695858473406872,0.0034485587366048609],[0.0096622625157970141,0.0070235771022683184,0.0019083363490151007,0.0045111448122185545,0.0068741368595501475]]},"urgent_delay_vio":{"mean":[[0.7525,0.925,1,0.75125,0.7525],[0.51625,0.8475,1,0.525,0.5025],[0.33875,0.7625,1,0.38625,0.2525],[0.25125,0.65375,1,0.26625,0.1075]],"ci95":[[0.0034561066775830526,0.015917658725342818,0,0.002450000000000003,0.0034561066775830526],[0.010465323813077299,0.021910713058539841,0,0.010420553713622539,0.0034561066775830526],[0.018992711839415543,0.025465885151171621,0,0.017981117608543162,0.0091834978720435872],[0.025405999518967742,0.025684662679991043,0,0.01904979952149222,0.018546764200570349]]},"urgent_semantic_vio":{"mean":[[0.95625,0.98375,1,0.94875,0.93375],[0.93,0.98,1,0.92,0.91875],[0.92,0.9525,1,0.915,0.92],[0.92875,0.9425,1,0.90625,0.97]],"ci95":[[0.013198225383222227,0.00856311991116937,0,0.014022648138066503,0.015329787979534725],[0.016716248527230047,0.010043213163787094,0,0.017968531957383651,0.018028026408370503],[0.017968531957383651,0.014062386124608722,0,0.017519757690896837,0.017968531957383651],[0.017149999999999992,0.015024721671516335,0,0.01884603546541869,0.011287597142272185]]},"sum_rate":{"mean":[[9.8303938917218838E+6,1.0676880150980132E+7,1.0985633690015674E+7,1.3208957744920908E+7,1.0023283553596351E+7],[9.06053630579712E+6,1.0385182998806361E+7,1.1050143207336985E+7,1.2495651669640686E+7,9.08008351687823E+6],[8.7697313033369761E+6,1.0029949363880379E+7,1.117053193803486E+7,1.1308840826956963E+7,8.4594043460712861E+6],[9.1210454582818523E+6,9.8550608339223955E+6,1.106231167314221E+7,1.1258811473482691E+7,1.1062120143844523E+7]],"ci95":[[273391.92799605394,294111.64972327038,304518.03275147383,488451.57295447576,286089.1892338972],[242723.10804835506,298608.40548477642,320929.64754400018,518549.62562803249,217463.34041322596],[247373.33791800152,271291.01907122717,369653.7244892008,440589.98694711376,192067.98510173752],[292363.07721994538,257727.82793341443,326492.62403208995,422884.71048365143,567391.34765213658]]},"urgent_sum_rate":{"mean":[[924883.7118795024,402541.83079510124,293.69207080168957,1.1197070224482128E+6,1.2912512083793087E+6],[1.44879147343121E+6,559984.054803155,287.40288728593697,1.9888604776077725E+6,1.8157488418068932E+6],[1.9708767356054951E+6,963413.10939817014,291.47204776462581,2.0183502856167681E+6,2.059824801352489E+6],[1.6463558131434831E+6,1.2498331571627229E+6,274.88893446239354,2.1208299999437327E+6,1.3776650947077021E+6]],"ci95":[[165482.1326240648,181910.96647489179,56.342722671182067,270476.77409661695,243017.86046672778],[218764.23661349711,155518.87008641381,60.379961312460544,408308.82517238462,220793.59294636737],[245549.47287006181,180756.00408284922,43.575166832540162,358165.46284479374,207040.66847462859],[235285.00409679397,183343.51215590857,38.140662313656243,313748.41406005155,190071.32705489994]]},"urgent_avg_rate":{"mean":[[231220.9279698756,100635.45769877531,73.423017700422392,279926.75561205321,322812.80209482717],[362197.86835780251,139996.01370078875,71.850721821484242,497215.11940194311,453937.21045172331],[492719.18390137376,240853.27734954254,72.868011941156453,504587.571404192,514956.20033812226],[411588.95328587078,312458.28929068072,68.722233615598384,530207.49998593319,344416.27367692551]],"ci95":[[41370.5331560162,45477.741618722946,14.085680667795517,67619.193524154238,60754.465116681946],[54691.059153374277,38879.717521603452,15.094990328115136,102077.20629309615,55198.398236591842],[61387.368217515454,45189.001020712305,10.893791708135041,89541.365711198436,51760.167118657148],[58821.251024198493,45835.878038977142,9.53516557841406,78437.103515012888,47517.831763724986]]},"ris_count":{"mean":[[0.995,0.99,1,1,1],[1.94,2,2,2,2],[2.625,3,3,2.955,3],[2.12,3.995,4,3.865,3.915]],"ci95":[[0.0098000000000000049,0.013824426710332209,0,0,0],[0.0329965918751753,0,0,0,0],[0.077902883749463414,0,0,0.028802983513804295,0],[0.15814847295338463,0.0098000000000000049,0,0.049470504892019845,0.03874802248155583]]},"proposed_eval_calls":{"mean":[61.58,65.975,70.155,69.18],"ci95":[1.0164878486891338,1.1771023936880471,1.1657860926728139,1.1605301425897117]},"ga_rt_eval_calls":{"mean":[38,38,38,38],"ci95":[0,0,0,0]},"ga_rt_budget_target":{"mean":[40,40,40,40],"ci95":[0,0,0,0]}},"stats":{"urgent_qoe":{"mean":[[1.1155456459985642,1.2897864861183286,1.3618440805313012,1.1190721307605849,1.1164300785475207],[0.87942356961204415,1.2154079726744178,1.3620386379325355,0.90089609556889583,0.87044285827009393],[0.70148095139733047,1.1279763575643671,1.3640806947801558,0.76371885091653047,0.62709520896713644],[0.61468102125341584,1.0234420443968575,1.3640806947801558,0.64927486038054871,0.51533878882485706]],"ci95":[[0.0053768064951173009,0.015688749291603323,0.0025867795610737027,0.0046231032211686727,0.0038452462934970393],[0.012016525714254571,0.0214665319056627,0.0040024314213356286,0.010730459514316698,0.0058524035725286009],[0.019889267924943384,0.025380326913347056,1.5425518216275895E-16,0.01839476481681598,0.0089553208003804521],[0.025445451971247011,0.025643760736552806,1.5425518216275895E-16,0.018242970636925333,0.013016578275185344]]},"avg_qoe":{"mean":[[0.7073403394326091,0.75091573036797654,0.76823636436013443,0.69651721921518572,0.70914983837464451],[0.64459270993554019,0.73512289635734962,0.77104942881821925,0.64025347714979786,0.64595378069213893],[0.59677784274514911,0.71519885327144084,0.77465322728453656,0.60259749455804934,0.57736423099262157],[0.559508821818321,0.6883035776122729,0.7750076456950693,0.56730757040091651,0.51827260932790564]],"ci95":[[0.0025685788793242958,0.0044094997681847492,0.0022707881625010848,0.0023380658093113014,0.0023553101144458913],[0.003479116514812329,0.0058264520419044766,0.0020544441415302071,0.0032542521942588052,0.0026736897728218724],[0.0055078027518595243,0.0065060181246547558,0.0019704037385160638,0.0041695858473406872,0.0034485587366048609],[0.0096622625157970141,0.0070235771022683184,0.0019083363490151007,0.0045111448122185545,0.0068741368595501475]]},"urgent_delay_vio":{"mean":[[0.7525,0.925,1,0.75125,0.7525],[0.51625,0.8475,1,0.525,0.5025],[0.33875,0.7625,1,0.38625,0.2525],[0.25125,0.65375,1,0.26625,0.1075]],