{"run_id":"sweep_20260125_161352","tag":"sweep","timestamp":"2026-01-25 16:13:53","result":{"algorithms":["random","norm","qoe","exhaustive","ga"],"x_axis":"p_dbw","x_vals":[-10,-5,0],"mc":100,"sum_rate":[[3.9533192542174254E+6,3.9047605297111273E+6,3.9202561210663812E+6,3.9047605297111273E+6,4.741984296572418E+6],[4.7172260802162252E+6,4.6954998362265453E+6,4.6971024748558523E+6,4.6954998362265453E+6,5.2883737234122735E+6],[5.2554887462162292E+6,5.248354181418892E+6,5.2527990460430421E+6,5.248354181418892E+6,5.5969425128315277E+6]],"sum_rate_std":[[184323.55179833813,181445.2340555696,184112.70857898155,181445.2340555696,146710.38539155223],[179193.79975142755,180622.952727295,179337.16857177511,180622.952727295,143426.43404943918],[170233.34272504898,165555.67660296184,164998.26886354672,165555.67660296184,133378.59326967958]],"avg_qoe":[[2.5961574946398356,2.5961586181974865,2.5961583024094863,2.5961586181974865,2.5960936334403972],[2.5960847721968037,2.5960853056921138,2.5960852661372233,2.5960853056921138,2.5960619187872704],[2.5960610587143891,2.5960612193626815,2.5960610988498818,2.5960612193626815,2.596052030693603]],"avg_qoe_std":[[2.6364039840943343E-5,2.6275711511584939E-5,2.6180105350070237E-5,2.6275711511584939E-5,1.33051439319984E-5],[1.0126021770976517E-5,1.0092622241604894E-5,1.0072991789329916E-5,1.0092622241604894E-5,4.7835514525623806E-6],[4.6922612405721233E-6,4.578213935205657E-6,4.5472379955377526E-6,4.578213935205657E-6,3.3824317114929015E-6]],"deadline_vio":[[0,0,0,0,0],[0,0,0,0,0],[0,0,0,0,0]],"deadline_vio_std":[[0,0,0,0,0],[0,0,0,0,0],[0,0,0,0,0]],"semantic_vio":[[1,1,1,1,1],[1,1,1,1,1],[1,1,1,1,1]],"semantic_vio_std":[[0,0,0,0,0],[0,0,0,0,0],[0,0,0,0,0]],"ris_usage":[[0.1875,0,0.1875,0,0.1875],[0.1875,0,0.1875,0,0.1871875],[0.1875,0.0003125,0.1875,0.0003125,0.1865625]],"ris_usage_std":[[0,0,0,0,0],[0,0,0,0,0.003125],[0,0.0031249999999999993,0,0.0031249999999999993,0.0053577064999301652]],"unique_ris":[[6,0,6,0,6],[6,0,6,0,5.99],[6,0.01,6,0.01,5.97]],"unique_ris_std":[[0,0,0,0,0],[0,0,0,0,0.1],[0,0.099999999999999978,0,0.099999999999999978,0.17144660799776529]],"runtime_assign":[[0.000386539,0.00096192799999999981,0.0063048369999999989,0.00098551500000000018,0.95653015599999991],[0.000179518,0.000931304,0.006460362,0.00092159799999999982,0.9895955569999999],[0.00015806000000000001,0.000855909,0.005704202,0.00084633099999999986,0.96412179599999992]],"runtime_assign_std":[[0.0019112189565240211,0.00088264549710034487,0.002720669231012246,0.00061870181022423681,0.1074942938445706],[0.00011774291407189398,0.00036389708832708356,0.0021397658922159943,0.0003028679613563667,0.1378913170660061],[4.602483958240223E-5,0.00022144583809841881,0.0012672129916705345,0.00019125735990063657,0.0997643175892851]],"runtime_total":[[0.00170627,0.0014787119999999999,0.0069389310000000006,0.001432977,0.95709175600000007],[0.00085723800000000008,0.0014031439999999998,0.007046511,0.00140789,0.99018876800000033],[0.00069161099999999985,0.0013094730000000002,0.0062329809999999994,0.0012722240000000002,0.964634078]],"runtime_total_std":[[0.0095595750245077282,0.0015351353040936643,0.0034949454026658488,0.00074064092062486018,0.10760167891865441],[0.00076237575225889984,0.00048193352769355181,0.0022909783898603393,0.00042381018609559618,0.13799258254193705],[0.00014576517638124184,0.00041435422309049695,0.0013483250354986832,0.00026695092543368152,0.099807921364325522]]},"x_vals":[-10,-5,0]}