{"run_id":"sweep_20260125_185117","tag":"sweep","timestamp":"2026-01-25 18:51:17","result":{"algorithms":["random","norm","qoe","exhaustive","ga"],"x_axis":"p_dbw","x_vals":[-20,-15,-10,-5,0],"mc":100,"sum_rate":[[2.607347130104471E+6,2.8412290622128118E+6,2.8078437990674363E+6,2.8491952529415162E+6,2.8628573890588596E+6],[2.7197965942207645E+6,2.8267741194239766E+6,2.872774285682763E+6,2.9065781257342519E+6,2.9158499186307639E+6],[2.8647619647178184E+6,2.9375541491022361E+6,3.1565121601551156E+6,3.03825669584457E+6,2.9801954463914861E+6],[3.1801296833713283E+6,3.0893003718587719E+6,3.3531912799634165E+6,3.3132670272442643E+6,3.3111788830055119E+6],[3.6053337433942626E+6,3.4824379737408175E+6,3.9120491937994091E+6,3.852812983948132E+6,3.8616543463941934E+6]],"sum_rate_std":[[469092.92706564581,436063.98891505139,440783.82037019439,446215.4043100634,441547.18877410633],[490351.65435967373,360993.84143332689,376557.08265744068,397191.953685703,398352.46204382222],[492005.54814087541,332951.47464349284,414190.33298087568,468324.48028504552,480276.83875474113],[449882.72532417323,415476.02457128192,407680.43004400708,425584.81554839754,464907.85447086813],[457100.85048727266,506092.09921343235,478344.90815787535,572374.98122512281,593123.09250622336]],"avg_qoe":[[5.0979611149406,5.6663697987422577,3.7749887365360353,5.114729931576651,5.0546775989686576],[3.4549225692873016,4.0954552916900058,2.6239464971864148,3.5493258346472292,3.5492716134230009],[2.6539950085495887,2.6814868777675427,2.5932037960337668,2.6407892876606582,2.6434977235580903],[2.5910139662949607,2.59348856542298,2.5936887012976335,2.6031336418979385,2.6032677187754096],[2.5935556399283315,2.5905974826014333,2.5934272428540037,2.5928520650196352,2.5925094628670489]],"avg_qoe_std":[[0.94931646118269519,0.88082503830577685,1.0580016578524678,1.0153015026801873,1.0044431146339272],[0.88863062695516426,1.1336758709215284,0.17166437045304592,0.85316729956344151,0.88800806308603686],[0.23856611262348928,0.28994538088914912,0.0017023912410325918,0.22146853225683008,0.21910281804429138],[0.026541763953993405,0.0016371140473994724,0.0012609762218155527,0.099852134494352318,0.0998333097224182],[0.001213096319555129,0.026473987501195905,0.0014643455384214885,0.0022231595937457255,0.0028809180903191312]],"deadline_vio":[[0.3125,0.38375,0.1475,0.315,0.3075],[0.1075,0.1875,0.00375,0.12,0.12],[0.0075,0.01125,0,0.00625,0.00625],[0,0,0,0.00125,0.00125],[0,0,0,0,0]],"deadline_vio_std":[[0.11851884732698496,0.10988831566273057,0.13221596199423352,0.12623130924752163,0.124898949053815],[0.11098161645930012,0.14157751205326333,0.021430825999720658,0.10648184745947942,0.11083931403321449],[0.02983540707199276,0.035952936408082677,0,0.027380364194698782,0.027380364194698782],[0,0,0,0.012499999999999997,0.012499999999999997],[0,0,0,0,0]],"semantic_vio":[[1,0.99875,1,0.99875,0.99875],[1,1,1,0.9975,0.9975],[1,0.99875,1,0.99875,1],[0.99875,1,1,1,1],[1,0.99875,1,1,1]],"semantic_vio_std":[[0,0.0125,0,0.0125,0.0125],[0,0,0,0.01758816176703621,0.01758816176703621],[0,0.0125,0,0.0125,0],[0.0125,0,0,0,0],[0,0.0125,0,0,0]],"ris_usage":[[0.485,0.5,0.5,0.5,0.5],[0.48125,0.5,0.5,0.5,0.5],[0.48625,0.5,0.5,0.5,0.5],[0.49,0.5,0.5,0.5,0.5],[0.4925,0.5,0.5,0.5,0.5]],"ris_usage_std":[[0.040824829046386304,0,0,0,0],[0.048249012132034079,0,0,0,0],[0.049921023485687728,0,0,0,0],[0.034082490543036345,0,0,0,0],[0.02983540707199276,0,0,0,0]],"unique_ris":[[3.88,4,4,4,4],[3.85,4,4,4,4],[3.89,4,4,4,4],[3.92,4,4,4,4],[3.94,4,4,4,4]],"unique_ris_std":[[0.32659863237109044,0,0,0,0],[0.38599209705627263,0,0,0,0],[0.39936818788550182,0,0,0,0],[0.27265992434429076,0,0,0,0],[0.23868325657594208,0,0,0,0]],"runtime_assign":[[0.00014902899999999999,0.000218102,0.0011561029999999997,0.44093514,0.139207586],[0.00011962999999999999,0.00018559700000000002,0.001019717,0.432825961,0.135637258],[0.000110908,0.00017938600000000002,0.00099172099999999988,0.43309127600000008,0.13557561099999998],[0.000104368,0.00017949100000000002,0.000993171,0.43342896999999991,0.135500853],[0.000105101,0.000187815,0.001064794,0.449708735,0.141765291]],"runtime_assign_std":[[0.000188864794402362,0.00018839945365465831,0.00064652696576837111,0.01954346145332438,0.0099218882408665769],[1.4885159716912002E-5,1.7297617369645644E-5,0.00014572546629282963,0.0031992380120832828,0.0012791244276654679],[1.4647754197497414E-5,7.1763644041120181E-6,3.16100364288038E-5,0.0050964763295834178,0.0020340751313008979],[1.740129961476522E-5,1.338554244192765E-5,6.0735219833987813E-5,0.0074423605774205448,0.0020566793969182652],[1.4125458748249023E-5,3.3240593337883512E-5,0.00019674856631618625,0.028687674650113813,0.011460806179438053]],"runtime_total":[[0.0010466100000000001,0.001069082,0.0018533669999999999,0.44196033400000007,0.140088307],[0.00097020599999999982,0.001201462,0.001777823,0.43389771900000007,0.136540339],[0.0011176139999999998,0.001237925,0.001892846,0.434302061,0.136610186],[0.001182397,0.001248161,0.0020309289999999995,0.43471329899999994,0.136592897],[0.0012543609999999998,0.001311465,0.002218885,0.45106772100000003,0.14294401]],"runtime_total_std":[[0.0014780852652036421,0.00033363557944971557,0.00074316744473920671,0.019648655468223093,0.010276441790276458],[0.00013231450504938845,0.00016194207455479603,0.00017175091598714762,0.003225878901823707,0.001280655094271616],[0.0001571818884752517,6.7153143799990631E-5,0.00013837550318906985,0.0051143363294454793,0.002047828667224646],[0.00011747467679410228,0.00012029037753820057,0.0001087828272014448,0.0074610127821261325,0.0020571132617352573],[0.00018147844010022823,0.00019041573622211508,0.00044538277405990116,0.028761891827022656,0.011564457186067309]]},"x_vals":[-20,-15,-10,-5,0]}