{"run_id":"sweep_20260125_164210","tag":"sweep","timestamp":"2026-01-25 16:42:11","result":{"algorithms":["random","norm","qoe","exhaustive","ga"],"x_axis":"p_dbw","x_vals":[-20,-15,-10,-5,0],"mc":20,"sum_rate":[[2.6699105106330165E+6,2.6380699434687747E+6,2.6380699434687747E+6,2.7772570708163567E+6,2.7398380391331362E+6],[2.7847669552013515E+6,2.7049119286807445E+6,2.7049119286807445E+6,2.8875487018364044E+6,2.8729624911333071E+6],[2.9093134976597666E+6,2.9219150762756234E+6,2.9219150762756234E+6,3.0503604726966647E+6,3.047705827443386E+6],[3.2086158596573146E+6,3.16713986363269E+6,3.16713986363269E+6,3.3538628728740434E+6,3.3864508300279044E+6],[3.4016867594220028E+6,3.5512011559954053E+6,3.5512011559954053E+6,3.8327229983146251E+6,3.8341182644223147E+6]],"sum_rate_std":[[432808.34025657218,400287.30994653853,400287.30994653853,426420.23384395422,358915.59525364608],[519770.60831747006,314992.05391529272,314992.05391529272,299526.21402787621,313823.18341387622],[433094.63404521969,322147.73350203596,322147.73350203596,317670.03071557771,417230.07649999205],[408309.35189816263,395286.77242612606,395286.77242612606,357139.82425498625,333021.80257861275],[431676.28015659214,506566.44380284112,506566.44380284112,419909.29605869279,498509.83067781443]],"avg_qoe":[[5.04781789833022,5.4994062721658565,5.4994062721658565,4.9475588155067864,4.8976923143916142],[3.5944568763720666,4.2457312978316217,4.2457312978316217,3.8450084733992163,3.8950195915527233],[2.6439946137010466,2.6442230653636027,2.6442230653636027,2.643717373932545,2.643226235341043],[2.5935300217243009,2.5931806492183842,2.5931806492183842,2.6421862724440612,2.642694794667082],[2.593985471992716,2.5926882231823178,2.5926882231823178,2.5928021734881233,2.5925692872201926]],"avg_qoe_std":[[0.88794292367526717,0.78929504650822679,0.78929504650822679,0.93461459520080514,0.97984562039559819],[0.79572406594376532,1.2691109893638481,1.2691109893638481,0.96744684056234809,1.0317828721491229],[0.22332076133351159,0.22360987856927317,0.22360987856927317,0.22394042279386991,0.22398761986659296],[0.0013655139271779536,0.0018273039760983987,0.0018273039760983987,0.2234538159530883,0.2233226296805744],[0.0007544329604984415,0.0021334491567435877,0.0021334491567435877,0.0030213572277790761,0.0035106274905999028]],"deadline_vio":[[0.30625,0.3625,0.3625,0.29375,0.2875],[0.125,0.20625,0.20625,0.15625,0.1625],[0.00625,0.00625,0.00625,0.00625,0.00625],[0,0,0,0.00625,0.00625],[0,0,0,0,0]],"deadline_vio_std":[[0.11088015104037713,0.098508615706551533,0.098508615706551533,0.1166627505608412,0.12234012123239824],[0.099339926779878282,0.15850348659621935,0.15850348659621935,0.12081820836978262,0.12888693535522969],[0.027950849718747367,0.02795084971874736,0.02795084971874736,0.027950849718747367,0.027950849718747367],[0,0,0,0.027950849718747364,0.027950849718747364],[0,0,0,0,0]],"semantic_vio":[[1,1,1,1,1],[1,1,1,1,1],[1,1,1,1,1],[1,1,1,1,1],[1,1,1,1,1]],"semantic_vio_std":[[0,0,0,0,0],[0,0,0,0,0],[0,0,0,0,0],[0,0,0,0,0],[0,0,0,0,0]],"ris_usage":[[0.49375,0.5,0.5,0.5,0.5],[0.4875,0.5,0.5,0.5,0.5],[0.49375,0.5,0.5,0.5,0.5],[0.49375,0.5,0.5,0.5,0.5],[0.48125,0.5,0.5,0.5,0.5]],"ris_usage_std":[[0.027950849718747364,0,0,0,0],[0.038474188203193274,0,0,0,0],[0.027950849718747367,0,0,0,0],[0.02795084971874736,0,0,0,0],[0.045793443566565409,0,0,0,0]],"unique_ris":[[3.95,4,4,4,4],[3.9,4,4,4,4],[3.95,4,4,4,4],[3.95,4,4,4,4],[3.85,4,4,4,4]],"unique_ris_std":[[0.22360679774997891,0,0,0,0],[0.30779350562554619,0,0,0,0],[0.22360679774997894,0,0,0,0],[0.22360679774997888,0,0,0,0],[0.36634754853252327,0,0,0,0]],"runtime_assign":[[0.00053584999999999993,0.000658425,0.002840295,0.54094803499999988,0.182367875],[0.00012446,0.000206235,0.0013070550000000001,0.48742846999999995,0.15936302500000002],[0.00012041000000000001,0.00019282500000000004,0.00110162,0.4442211949999999,0.14156498499999998],[0.00011143499999999998,0.00017830999999999996,0.0010014700000000004,0.42772578500000008,0.13454035999999997],[0.000111715,0.00017902000000000003,0.000986205,0.430666675,0.13611784]],"runtime_assign_std":[[0.00094826475899818937,0.0012259521729638299,0.0037010099495699529,0.070843228634449751,0.031278599937806392],[1.5694766140676524E-5,5.0539232025073456E-5,0.0003979147997604777,0.051898445320412961,0.021652826100021293],[1.7862129890092232E-5,3.7105324841307443E-5,0.00015946668221557164,0.017527479818047965,0.0093686356219077564],[5.9483102421479427E-6,6.39324479019601E-6,6.31575398674241E-5,0.0029933400628509308,0.0010096120731824638],[6.3663816873852059E-6,4.7351540851936692E-6,3.1398063550748519E-5,0.010763761822497154,0.0056446422669176946]],"runtime_total":[[0.0043028649999999986,0.0022854900000000003,0.0045198350000000016,0.54236839999999986,0.18388186],[0.00109727,0.0014169749999999998,0.0026628700000000003,0.48866951000000008,0.16028652000000002],[0.00116924,0.0013239999999999999,0.0022370000000000003,0.44567166999999996,0.14269723499999998],[0.001195815,0.0012360549999999998,0.0020964499999999997,0.429035905,0.13566409],[0.001243835,0.0012767299999999998,0.0020910349999999998,0.43198974,0.137274685]],"runtime_total_std":[[0.012984400678112299,0.002987666417809268,0.0051105209949954692,0.071162831350050915,0.032801812268843024],[0.0002302397311270878,0.00029862890520898313,0.00080821951102407819,0.051987489626679463,0.021656759372455085],[0.00014723079054399771,0.00010945246985744422,0.0002226502875055763,0.017630798765918564,0.0093486080338634255],[8.9858879273060861E-5,2.2899838542294512E-5,0.00012568316262897371,0.00295426384088365,0.001022084281672557],[0.00024004264812956181,7.7423925990545534E-5,0.00016935788103427922,0.010801793784045893,0.0057694321627253286]]},"x_vals":[-20,-15,-10,-5,0]}