{"run_id":"sweep_20260125_190836","tag":"sweep","timestamp":"2026-01-25 19:08:36","result":{"algorithms":["random","norm","qoe","exhaustive","ga"],"x_axis":"p_dbw","x_vals":[-10,-5,0],"mc":30,"sum_rate":[[2.782162337166138E+6,2.8851430280313031E+6,2.8669570432628696E+6,2.9760326655616108E+6,2.9989690164386649E+6],[3.228090324188848E+6,3.0089546753319874E+6,3.3560143963279435E+6,3.3086674993258426E+6,3.3127049686116423E+6],[3.62282342359454E+6,3.5053335087383413E+6,4.3907894165109871E+6,4.0065045846711383E+6,4.0151219001514809E+6]],"sum_rate_std":[[404178.36131982895,449045.73115359317,405503.62350095855,416490.88902332191,459263.25253170275],[515566.11573210114,315595.0293320113,446019.20910877874,424240.83567148919,452721.420377415],[596038.24123467109,410312.39270628244,499577.18875033554,525607.50750339765,519102.68952962384]],"avg_qoe":[[2.6941785132851708,2.72732240330082,2.5941394038862358,2.7182706490886135,2.7181403385707479],[2.5931795614008646,2.5938237140869504,2.5935124506465703,2.593433683823311,2.593372747812273],[2.5936102800567138,2.5938587657567256,2.5922603972906697,2.5840783744506792,2.5841498031634829]],"avg_qoe_std":[[0.30453533722864523,0.345807481844017,0.0011795160512821199,0.3528622825475613,0.35233754880987],[0.0022851794413567693,0.001262447948135833,0.0019212938510014992,0.0014142866264027654,0.001663982543999721],[0.0014126843199473826,0.00071667104995465076,0.0015633298443793785,0.04781512026127261,0.047827133093937955]],"deadline_vio":[[0.0125,0.016666666666666666,0,0.016666666666666666,0.016666666666666666],[0,0,0,0,0],[0,0,0,0,0]],"deadline_vio_std":[[0.038141072078670575,0.043218237955220062,0,0.043218237955220062,0.043218237955220062],[0,0,0,0,0],[0,0,0,0,0]],"semantic_vio":[[1,1,1,0.99583333333333335,0.99583333333333335],[1,1,1,1,1],[1,1,1,0.99583333333333335,0.99583333333333335]],"semantic_vio_std":[[0,0,0,0.02282177322938192,0.02282177322938192],[0,0,0,0,0],[0,0,0,0.022821773229381913,0.022821773229381913]],"ris_usage":[[0.49166666666666664,0.5,0.5,0.5,0.5],[0.49166666666666664,0.5,0.5,0.5,0.5],[0.49166666666666664,0.5,0.5,0.5,0.5]],"ris_usage_std":[[0.0317135164628078,0,0,0,0],[0.0317135164628078,0,0,0,0],[0.0317135164628078,0,0,0,0]],"unique_ris":[[3.9333333333333331,4,4,4,4],[3.9333333333333331,4,4,4,4],[3.9333333333333331,4,4,4,4]],"unique_ris_std":[[0.25370813170246242,0,0,0,0],[0.25370813170246242,0,0,0,0],[0.25370813170246242,0,0,0,0]],"runtime_assign":[[0.00022867,0.00029365666666666669,0.00154607,0.52291681,0.16396291333333338],[0.00012446,0.0001862666666666667,0.001055296666666667,0.46030703,0.14564975000000005],[0.00010760333333333331,0.00017870666666666666,0.0010347733333333335,0.45874016666666662,0.14343024333333335]],"runtime_assign_std":[[0.00025533731192692728,0.00020741429419589578,0.00090128086293704893,0.10532726981363062,0.041259778919190859],[3.0503799650264037E-5,2.0488791440996311E-5,0.00018955606300772473,0.00635959952795501,0.0051023686936592953],[1.6212840448308214E-5,1.290532991557694E-5,9.38708170777829E-5,0.0061063360362107804,0.004005244616119473]],"runtime_total":[[0.0018952933333333335,0.0017535833333333333,0.0027521866666666674,0.52452178333333321,0.16545704666666666],[0.0013126,0.0013668133333333335,0.0021915433333333334,0.46175220000000006,0.14685242666666662],[0.0012718633333333336,0.0013052299999999997,0.0021627133333333337,0.46010312333333336,0.14465678666666668]],"runtime_total_std":[[0.0021751245096241763,0.00070466229235312977,0.0012323889474297981,0.10535474857935953,0.0416197774991462],[0.00016211511023194982,0.00026404235388224781,0.00024738752746880031,0.00640469674126623,0.0051187603690557824],[0.00013723840691779154,8.64058991839857E-5,0.00012823629249414411,0.0061170252579728765,0.003977979650763068]]},"x_vals":[-10,-5,0]}