{"run_id":"sweep_20260125_193902","tag":"sweep","timestamp":"2026-01-25 19:39:02","result":{"algorithms":["random","norm","qoe","exhaustive","ga"],"x_axis":"p_dbw","x_vals":[-10,-5,0],"mc":50,"sum_rate":[[2.8549094591172244E+6,2.8650650596910012E+6,2.95882180029599E+6,3.0192699399150456E+6,3.0254612040710747E+6],[3.0637019352454096E+6,3.0948036112705912E+6,3.3959796872079568E+6,3.4634641339885616E+6,3.456801353704717E+6],[3.6463008017956847E+6,3.4588134775235974E+6,4.2835932199735753E+6,3.9995339173356765E+6,3.9907691841115667E+6]],"sum_rate_std":[[406695.88145575725,409501.83371422807,432067.79030141834,433739.95338608284,468530.62774497835],[534385.30576390494,360835.385739103,469486.14716184314,467914.45036298566,483801.1070494852],[533086.40539296507,390357.16986424255,512215.28715103224,589819.43469923723,582243.07571686478]],"avg_qoe":[[2.6740388522868077,2.694140999812328,2.5939059202262968,2.6881326309245703,2.6880623831296067],[2.5936368451852458,2.5934763804875307,2.5935620142597218,2.5928376467654548,2.592803302683619],[2.5936355804522946,2.5937494361125966,2.592601836809648,2.582244065433311,2.5824145921745258]],"avg_qoe_std":[[0.273784393387404,0.30306517365427,0.0011894486594665583,0.30740579030335613,0.30703909863781131],[0.0020510729786689429,0.0017492871321383612,0.0016931336207099525,0.0023042539550985645,0.0023871523789676867],[0.0012771401533954265,0.0012166697563296561,0.0017781356958816721,0.051807227369542942,0.051833902206782266]],"deadline_vio":[[0.01,0.0125,0,0.0125,0.0125],[0,0,0,0,0],[0,0,0,0,0]],"deadline_vio_std":[[0.0342559394522337,0.037880720420707906,0,0.037880720420707906,0.037880720420707906],[0,0,0,0,0],[0,0,0,0,0]],"semantic_vio":[[1,1,1,0.9975,0.9975],[1,1,1,1,1],[1,1,1,0.995,0.995]],"semantic_vio_std":[[0,0,0,0.017677669529663684,0.017677669529663684],[0,0,0,0,0],[0,0,0,0.024743582965269677,0.024743582965269677]],"ris_usage":[[0.49,0.5,0.5,0.5,0.5],[0.4725,0.5,0.5,0.5,0.5],[0.4875,0.5,0.5,0.5,0.5]],"ris_usage_std":[[0.0342559394522337,0,0,0,0],[0.05808377131175211,0,0,0,0],[0.045526959942792725,0,0,0,0]],"unique_ris":[[3.92,4,4,4,4],[3.78,4,4,4,4],[3.9,4,4,4,4]],"unique_ris_std":[[0.27404751561786961,0,0,0,0],[0.46467017049401688,0,0,0,0],[0.3642156795423418,0,0,0,0]],"runtime_assign":[[0.00016881,0.000424114,0.0016756359999999999,0.468636656,0.152862],[0.00011601999999999999,0.00019379999999999997,0.0010743559999999998,0.458918452,0.142693338],[0.00011374600000000002,0.000196172,0.0010842340000000001,0.454411552,0.143948226]],"runtime_assign_std":[[0.00011011351888308866,0.00097809532589349059,0.0014619166560682574,0.032443811232163042,0.01865251243428135],[2.4437291676652632E-5,2.51086292996277E-5,0.0002103619059950673,0.015731456805722157,0.0025414724351703302],[1.5063352067524812E-5,3.0994403971540093E-5,0.00022081866104409323,0.0091920560871150778,0.0085795532888042984]],"runtime_total":[[0.001888152,0.0018727720000000004,0.00292423,0.47010448,0.15416909],[0.001268964,0.00138507,0.002249422,0.46028920999999995,0.143914974],[0.001273506,0.001390508,0.00229168,0.45584890400000005,0.145161494]],"runtime_total_std":[[0.0028352603276249754,0.0017480396559551607,0.0018466561317910903,0.032485603987926846,0.01895680526330094],[0.00018731896812765163,0.0002506732243542642,0.00036614067068629815,0.015711480534598938,0.002557635038652477],[0.00018622580150703813,0.00027959815248579411,0.00048780095472289871,0.0092672827158721167,0.0086516462206395212]]},"x_vals":[-10,-5,0]}