{"run_id":"sweep_20260125_163403","tag":"sweep","timestamp":"2026-01-25 16:34:04","result":{"algorithms":["random","norm","qoe","exhaustive","ga"],"x_axis":"p_dbw","x_vals":[-20,-15,-10,-5,0],"mc":10,"sum_rate":[[4.6342118416284863E+6,5.2618257039180659E+6,5.2618257039180659E+6,5.29361200055765E+6,5.2588584096681569E+6],[4.1195204545326792E+6,5.7710506782552535E+6,5.7710506782552535E+6,5.77718577706583E+6,5.698202866833006E+6],[4.3235771137150191E+6,5.2395076502585672E+6,5.2395076502585672E+6,5.58002352753683E+6,5.7431766535282591E+6],[4.6142508648653794E+6,5.6220507705196831E+6,5.6220507705196831E+6,5.2441287314556912E+6,5.2926345472815754E+6],[4.5080728305878583E+6,5.6172834543353636E+6,5.6172834543353636E+6,6.1397528033702094E+6,5.8106054793825587E+6]],"sum_rate_std":[[1.2241173332836693E+6,724503.92794961971,724503.92794961971,1.0959388076970079E+6,1.0697113485228876E+6],[1.159037804169022E+6,719089.52731540287,719089.52731540287,602358.35091176583,723367.91817553854],[1.1864236283740094E+6,811458.09614065033,811458.09614065033,838052.72705927165,1.208088730641742E+6],[1.1159850271272692E+6,837862.62162859947,837862.62162859947,478902.01685912081,499975.89930165082],[918405.04767446616,1.0112153750177249E+6,1.0112153750177249E+6,665495.04307496932,590450.90809944971]],"avg_qoe":[[2.8599774455169227,2.5946034309331183,2.5946034309331183,2.5938878035091237,2.5939658381037356],[2.9951522694759953,2.5932755154274649,2.5932755154274649,2.5937949611735127,2.5940744255437922],[2.5937499686558594,2.5943621940931281,2.5943621940931281,2.5938744780011853,2.5931001631703796],[2.5932281070442604,2.5940805210429536,2.5940805210429536,2.5944244892293726,2.5943960231043297],[2.5947164974124486,2.5938796453491193,2.5938796453491193,2.5927828341222097,2.5932670760379932]],"avg_qoe_std":[[0.56395748003686941,0.00095846680310901705,0.00095846680310901705,0.002485267378011012,0.0024918785519927886],[0.64494415532247051,0.0029616300687563932,0.0029616300687563932,0.0010620279695254978,0.0010011128116054911],[0.0027808280306261439,0.0011518785386391112,0.0011518785386391112,0.0013213049696373122,0.0022224407581569747],[0.0026913151015819313,0.0017558868827514109,0.0017558868827514109,0.0012444072261018743,0.001237005128435775],[0.00078964156737439909,0.0020997659370384342,0.0020997659370384342,0.00191211841105703,0.0016345099944541964]],"deadline_vio":[[0.033333333333333326,0,0,0,0],[0.049999999999999989,0,0,0,0],[0,0,0,0,0],[0,0,0,0,0],[0,0,0,0,0]],"deadline_vio_std":[[0.070272836892630641,0,0,0,0],[0.0805076485899413,0,0,0,0],[0,0,0,0,0],[0,0,0,0,0],[0,0,0,0,0]],"semantic_vio":[[1,1,1,1,1],[1,1,1,1,1],[1,1,1,1,1],[1,1,1,1,1],[1,1,1,1,1]],"semantic_vio_std":[[0,0,0,0,0],[0,0,0,0,0],[0,0,0,0,0],[0,0,0,0,0],[0,0,0,0,0]],"ris_usage":[[0.81666666666666676,1,1,1,1],[0.74999999999999989,1,1,1,1],[0.75,1,1,1,1],[0.78333333333333333,1,1,1,1],[0.75,1,1,1,1]],"ris_usage_std":[[0.12297746456210365,0,0,0,0],[0.18002057495577392,0,0,0,0],[0.14163943093313291,0,0,0,0],[0.11249142628509216,0,0,0,0],[0.22566773346211003,0,0,0,0]],"unique_ris":[[3.2,3.3,3.3,3.8,3.8],[3,3.7,3.7,3.6,3.6],[3.1,3.7,3.7,3.6,3.6],[3,3.8,3.8,3.8,3.8],[3.1,3.7,3.7,3.7,3.8]],"unique_ris_std":[[0.63245553203367588,0.48304589153964794,0.48304589153964794,0.42163702135578385,0.42163702135578385],[0.66666666666666663,0.48304589153964794,0.48304589153964794,0.51639777949432231,0.51639777949432231],[0.87559503577091313,0.48304589153964794,0.48304589153964794,0.51639777949432231,0.51639777949432231],[0,0.42163702135578385,0.42163702135578385,0.4216370213557839,0.4216370213557839],[0.87559503577091313,0.48304589153964794,0.48304589153964794,0.48304589153964794,0.4216370213557839]],"runtime_assign":[[0.00076771000000000012,0.00099626000000000033,0.0034063399999999986,0.50719043999999991,0.15095299999999998],[0.00012612,0.00017068,0.00099493,0.54967059,0.15419286000000001],[0.00014965000000000003,0.0001987,0.0012862199999999998,0.62217656,0.1854767],[0.00012216999999999998,0.00017371000000000002,0.00116469,0.56191334,0.16448499],[0.00013534,0.00018096999999999997,0.00090056999999999984,0.54032758,0.14884961000000002]],"runtime_assign_std":[[0.0011209312640736619,0.001841616598535102,0.0055198463708895215,0.026317579075557502,0.013453443900850563],[2.7228408367405942E-5,2.3419165940172445E-5,0.00015132521307142146,0.084433531047228061,0.027754589712382111],[3.366872105943108E-5,6.9146703946512645E-5,0.00043729535607463796,0.075694217620622936,0.03965320895609277],[3.5129761045459889E-5,6.2320238374954161E-5,0.00041916308003767057,0.046249014877176926,0.024622296647255393],[2.29223908002634E-5,5.9135419918090455E-5,0.00023492898714292369,0.025521400411280093,0.0088461188585038687]],"runtime_total":[[0.0093105400000000026,0.0036973200000000005,0.00527009,0.50874764000000006,0.15272669],[0.0011857799999999998,0.00158062,0.00236166,0.55091647,0.15544745000000001],[0.00147986,0.0019405600000000002,0.0031902,0.62375106,0.18719965],[0.0014502100000000002,0.0017204400000000002,0.0028021599999999997,0.56341406,0.16608914000000002],[0.0016539300000000003,0.0018984099999999997,0.0024346500000000004,0.54176541,0.1502689]],"runtime_total_std":[[0.02408184561458878,0.0062060745805666536,0.0077117072152885413,0.026991354586245658,0.015254766429797175],[0.0001794121871247572,0.00026459958343798566,0.00034654711143572442,0.0844247491939426,0.027852540864075584],[0.00031953731550477796,0.00068542304892671945,0.0010166944837724521,0.076080657863717219,0.039911186313286766],[0.00042767236538162148,0.00054815516700211,0.00086591211922586121,0.04621384967568825,0.024939753559069324],[0.00053308978616281057,0.00054005055822991643,0.00065788131021737764,0.025572444661760018,0.0087691936863595922]]},"x_vals":[-20,-15,-10,-5,0]}