{"run_id":"sweep_20260125_165037","tag":"sweep","timestamp":"2026-01-25 16:50:38","result":{"algorithms":["random","norm","qoe","exhaustive","ga"],"x_axis":"p_dbw","x_vals":[-20,-15,-10,-5,0],"mc":20,"sum_rate":[[2.6699105106330165E+6,2.6380699434687747E+6,2.6380699434687747E+6,2.7772570708163567E+6,2.7398380391331362E+6],[2.7847669552013515E+6,2.7049119286807445E+6,2.7049119286807445E+6,2.8875487018364044E+6,2.8729624911333071E+6],[2.9093134976597666E+6,2.9219150762756234E+6,2.9219150762756234E+6,3.0503604726966647E+6,3.047705827443386E+6],[3.2086158596573146E+6,3.16713986363269E+6,3.16713986363269E+6,3.3538628728740434E+6,3.3864508300279044E+6],[3.4016867594220028E+6,3.5512011559954053E+6,3.5512011559954053E+6,3.8327229983146251E+6,3.8341182644223147E+6]],"sum_rate_std":[[432808.34025657218,400287.30994653853,400287.30994653853,426420.23384395422,358915.59525364608],[519770.60831747006,314992.05391529272,314992.05391529272,299526.21402787621,313823.18341387622],[433094.63404521969,322147.73350203596,322147.73350203596,317670.03071557771,417230.07649999205],[408309.35189816263,395286.77242612606,395286.77242612606,357139.82425498625,333021.80257861275],[431676.28015659214,506566.44380284112,506566.44380284112,419909.29605869279,498509.83067781443]],"avg_qoe":[[5.04781789833022,5.4994062721658565,5.4994062721658565,4.9475588155067864,4.8976923143916142],[3.5944568763720666,4.2457312978316217,4.2457312978316217,3.8450084733992163,3.8950195915527233],[2.6439946137010466,2.6442230653636027,2.6442230653636027,2.643717373932545,2.643226235341043],[2.5935300217243009,2.5931806492183842,2.5931806492183842,2.6421862724440612,2.642694794667082],[2.593985471992716,2.5926882231823178,2.5926882231823178,2.5928021734881233,2.5925692872201926]],"avg_qoe_std":[[0.88794292367526717,0.78929504650822679,0.78929504650822679,0.93461459520080514,0.97984562039559819],[0.79572406594376532,1.2691109893638481,1.2691109893638481,0.96744684056234809,1.0317828721491229],[0.22332076133351159,0.22360987856927317,0.22360987856927317,0.22394042279386991,0.22398761986659296],[0.0013655139271779536,0.0018273039760983987,0.0018273039760983987,0.2234538159530883,0.2233226296805744],[0.0007544329604984415,0.0021334491567435877,0.0021334491567435877,0.0030213572277790761,0.0035106274905999028]],"deadline_vio":[[0.30625,0.3625,0.3625,0.29375,0.2875],[0.125,0.20625,0.20625,0.15625,0.1625],[0.00625,0.00625,0.00625,0.00625,0.00625],[0,0,0,0.00625,0.00625],[0,0,0,0,0]],"deadline_vio_std":[[0.11088015104037713,0.098508615706551533,0.098508615706551533,0.1166627505608412,0.12234012123239824],[0.099339926779878282,0.15850348659621935,0.15850348659621935,0.12081820836978262,0.12888693535522969],[0.027950849718747367,0.02795084971874736,0.02795084971874736,0.027950849718747367,0.027950849718747367],[0,0,0,0.027950849718747364,0.027950849718747364],[0,0,0,0,0]],"semantic_vio":[[1,1,1,1,1],[1,1,1,1,1],[1,1,1,1,1],[1,1,1,1,1],[1,1,1,1,1]],"semantic_vio_std":[[0,0,0,0,0],[0,0,0,0,0],[0,0,0,0,0],[0,0,0,0,0],[0,0,0,0,0]],"ris_usage":[[0.49375,0.5,0.5,0.5,0.5],[0.4875,0.5,0.5,0.5,0.5],[0.49375,0.5,0.5,0.5,0.5],[0.49375,0.5,0.5,0.5,0.5],[0.48125,0.5,0.5,0.5,0.5]],"ris_usage_std":[[0.027950849718747364,0,0,0,0],[0.038474188203193274,0,0,0,0],[0.027950849718747367,0,0,0,0],[0.02795084971874736,0,0,0,0],[0.045793443566565409,0,0,0,0]],"unique_ris":[[3.95,4,4,4,4],[3.9,4,4,4,4],[3.95,4,4,4,4],[3.95,4,4,4,4],[3.85,4,4,4,4]],"unique_ris_std":[[0.22360679774997891,0,0,0,0],[0.30779350562554619,0,0,0,0],[0.22360679774997894,0,0,0,0],[0.22360679774997888,0,0,0,0],[0.36634754853252327,0,0,0,0]],"runtime_assign":[[0.0005732,0.00078419,0.0040560200000000005,0.59334502000000011,0.202187705],[0.000162225,0.00027922499999999997,0.0020368299999999995,0.66440862999999983,0.21616816500000002],[0.000166305,0.00025877000000000007,0.001535775,0.710179465,0.21960443500000001],[0.00013786,0.00023367,0.00137048,0.50445878,0.17298578000000003],[0.00012174,0.00019649999999999998,0.0011569050000000002,0.469041535,0.155511405]],"runtime_assign_std":[[0.00097072086887176675,0.0014032377856417037,0.0062807381099592692,0.15710014294214944,0.061011446065234565],[3.37381538664431E-5,6.5803022446981075E-5,0.00093104366063037028,0.095549706603560131,0.035099671428230818],[5.0016823222423454E-5,8.120338403630337E-5,0.0005408071082090856,0.16603653073259853,0.039531716458430732],[4.03742283615362E-5,8.4384290755541616E-5,0.00053999081434682517,0.046871273042525183,0.041997245657111722],[3.2072720003471056E-5,5.9746164818558155E-5,0.00030425573812865148,0.05102007858831837,0.036865403591607115]],"runtime_total":[[0.00499264,0.0027809350000000004,0.0058926900000000008,0.59500580999999986,0.203977005],[0.0014481549999999998,0.0019870050000000005,0.003910505,0.66614267499999991,0.21739482000000004],[0.0017945749999999996,0.0019421049999999991,0.0032226500000000005,0.71211316000000013,0.22114373499999998],[0.001548485,0.0017500749999999998,0.002741725,0.506035905,0.17433785000000002],[0.0014334950000000001,0.00134739,0.0024239199999999995,0.47051670499999992,0.15682164999999998]],"runtime_total_std":[[0.014330506032105443,0.0035480260251337385,0.007845946264885691,0.15742749396125824,0.062171568860765629],[0.00036948505770656144,0.00056260563403450587,0.0014482818711821042,0.09553242550852,0.035334262204858392],[0.00079338602264033653,0.00062953860002469466,0.001144772871749998,0.166141238494761,0.039743294918464914],[0.00056616431618484444,0.0007392883946030378,0.00095734969240744618,0.047106661298728557,0.042217214567214285],[0.00055010817259211085,0.00027695094359451951,0.00068804296423375971,0.051201711763598355,0.037284390705516146]]},"x_vals":[-20,-15,-10,-5,0]}