{"run_id":"sweep_20260125_192506","tag":"sweep","timestamp":"2026-01-25 19:25:06","result":{"algorithms":["random","norm","qoe","exhaustive","ga"],"x_axis":"p_dbw","x_vals":[-10,-5,0],"mc":30,"sum_rate":[[2.782162337166138E+6,2.8851430280313031E+6,2.8669570432628696E+6,2.9760326655616108E+6,2.9989690164386649E+6],[3.228090324188848E+6,3.0089546753319874E+6,3.3560143963279435E+6,3.3086674993258426E+6,3.3127049686116423E+6],[3.62282342359454E+6,3.5053335087383413E+6,4.3907894165109871E+6,4.0065045846711383E+6,4.0151219001514809E+6]],"sum_rate_std":[[404178.36131982895,449045.73115359317,405503.62350095855,416490.88902332191,459263.25253170275],[515566.11573210114,315595.0293320113,446019.20910877874,424240.83567148919,452721.420377415],[596038.24123467109,410312.39270628244,499577.18875033554,525607.50750339765,519102.68952962384]],"avg_qoe":[[2.6941785132851708,2.72732240330082,2.5941394038862358,2.7182706490886135,2.7181403385707479],[2.5931795614008646,2.5938237140869504,2.5935124506465703,2.593433683823311,2.593372747812273],[2.5936102800567138,2.5938587657567256,2.5922603972906697,2.5840783744506792,2.5841498031634829]],"avg_qoe_std":[[0.30453533722864523,0.345807481844017,0.0011795160512821199,0.3528622825475613,0.35233754880987],[0.0022851794413567693,0.001262447948135833,0.0019212938510014992,0.0014142866264027654,0.001663982543999721],[0.0014126843199473826,0.00071667104995465076,0.0015633298443793785,0.04781512026127261,0.047827133093937955]],"deadline_vio":[[0.0125,0.016666666666666666,0,0.016666666666666666,0.016666666666666666],[0,0,0,0,0],[0,0,0,0,0]],"deadline_vio_std":[[0.038141072078670575,0.043218237955220062,0,0.043218237955220062,0.043218237955220062],[0,0,0,0,0],[0,0,0,0,0]],"semantic_vio":[[1,1,1,0.99583333333333335,0.99583333333333335],[1,1,1,1,1],[1,1,1,0.99583333333333335,0.99583333333333335]],"semantic_vio_std":[[0,0,0,0.02282177322938192,0.02282177322938192],[0,0,0,0,0],[0,0,0,0.022821773229381913,0.022821773229381913]],"ris_usage":[[0.49166666666666664,0.5,0.5,0.5,0.5],[0.49166666666666664,0.5,0.5,0.5,0.5],[0.49166666666666664,0.5,0.5,0.5,0.5]],"ris_usage_std":[[0.0317135164628078,0,0,0,0],[0.0317135164628078,0,0,0,0],[0.0317135164628078,0,0,0,0]],"unique_ris":[[3.9333333333333331,4,4,4,4],[3.9333333333333331,4,4,4,4],[3.9333333333333331,4,4,4,4]],"unique_ris_std":[[0.25370813170246242,0,0,0,0],[0.25370813170246242,0,0,0,0],[0.25370813170246242,0,0,0,0]],"runtime_assign":[[0.00019248,0.00024179,0.0012268666666666666,0.48045513333333345,0.15011809000000007],[0.00011366000000000005,0.00018219999999999998,0.0010005733333333334,0.43637775333333323,0.13641485999999997],[0.00010123999999999999,0.00017623999999999995,0.00099023333333333346,0.43348495999999986,0.13495214333333336]],"runtime_assign_std":[[0.00020089335547962276,0.00013960090739256528,0.00043416869304797705,0.07955953037972445,0.028087389596810168],[3.0154677111919769E-5,1.6955275854740458E-5,4.9928120287091709E-5,0.0079910939408100162,0.0030030869330258075],[4.2699915206247075E-6,1.4368946401516536E-5,5.2154586754572517E-5,0.002314794091028847,0.0015290200965467004]],"runtime_total":[[0.001417936666666667,0.0014374733333333333,0.0022235999999999996,0.48192867333333328,0.15135835666666667],[0.0012329333333333339,0.0013146133333333332,0.0021114033333333331,0.43766951666666665,0.13757621666666667],[0.0011974133333333336,0.0012638500000000002,0.0020763666666666664,0.43480013999999995,0.13613390333333333]],"runtime_total_std":[[0.00094135480264949216,0.00036215097816864411,0.00060364662533295263,0.079855460875280157,0.028209545364519525],[0.00011860284445426964,0.00019664783985475209,0.0002408237536733728,0.0079957756519251754,0.0031006388555378825],[4.7947900844586508E-5,6.4951508437263112E-5,8.0586412533735936E-5,0.0023617800445923163,0.0016044830389886618]]},"x_vals":[-10,-5,0]}