{"run_id":"sweep_20260123_171849","tag":"sweep","timestamp":"2026-01-23 17:18:49","result":{"algorithms":["random","norm","qoe","exhaustive","ga_placeholder"],"x_axis":"p_dbw","x_vals":[-10,-5,0],"mc":5,"sum_rate":[[3.9562447685865285E+6,3.9030442093826048E+6,3.9122920566953286E+6,3.9030442093826048E+6,3.9030442093826048E+6],[4.7549842255380359E+6,4.7776402545360746E+6,4.7865150955219651E+6,4.7776402545360746E+6,4.7776402545360746E+6],[5.2638367213587686E+6,5.2634165265446547E+6,5.2446949066550042E+6,5.2634165265446547E+6,5.2634165265446547E+6]],"sum_rate_std":[[160057.62324545629,198090.94441842937,188850.09176661211,198090.94441842937,198090.94441842937],[87303.465564733531,84879.7145414503,76154.402586738579,84879.7145414503,84879.7145414503],[165381.74772418416,183391.3389056522,202430.29193049777,183391.3389056522,183391.3389056522]],"avg_qoe":[[5.8779185442044355,5.9434812976437232,5.9433436832538957,5.9434812976437232,5.9434812976437232],[4.8581967657680778,4.73155011209209,4.8572156383178324,4.73155011209209,4.73155011209209],[3.2044038400044945,3.2669051062287813,3.2049277952618986,3.2669051062287813,3.2669051062287813]],"avg_qoe_std":[[0.34719086273061661,0.48046026580172968,0.47979913968306409,0.48046026580172968,0.48046026580172968],[0.31235677097998438,0.35749945177302128,0.38545948440543215,0.35749945177302128,0.35749945177302128],[0.78932510513220189,0.80973526765123016,0.69138916115908922,0.80973526765123016,0.80973526765123016]],"deadline_vio":[[0,0,0,0,0],[0,0,0,0,0],[0,0,0,0,0]],"deadline_vio_std":[[0,0,0,0,0],[0,0,0,0,0],[0,0,0,0,0]],"semantic_vio":[[0.5375,0.54375,0.54375,0.54375,0.54375],[0.4375,0.425,0.4375,0.425,0.425],[0.275,0.28125,0.275,0.28125,0.28125]],"semantic_vio_std":[[0.034232659844072887,0.047392971525322188,0.047392971525322188,0.047392971525322188,0.047392971525322188],[0.03125,0.035630482034348057,0.038273277230987154,0.035630482034348057,0.035630482034348057],[0.077811872487429573,0.079672179899887258,0.067748385589621249,0.079672179899887258,0.079672179899887258]],"ris_usage":[[0.1875,0,0.1875,0,0],[0.1875,0,0.1875,0,0],[0.1875,0,0.1875,0,0]],"ris_usage_std":[[0,0,0,0,0],[0,0,0,0,0],[0,0,0,0,0]],"unique_ris":[[6,0,6,0,0],[6,0,6,0,0],[6,0,6,0,0]],"unique_ris_std":[[0,0,0,0,0],[0,0,0,0,0],[0,0,0,0,0]],"runtime_assign":[[0.00055726,0.0013222000000000002,0.0088675000000000021,0.0013536,0.00049524],[0.00015884,0.00076731999999999994,0.00566186,0.00077996,1.1279999999999999E-5],[0.00017135999999999999,0.0010999199999999999,0.0073701199999999991,0.0008855200000000001,6.8400000000000006E-6]],"runtime_assign_std":[[0.0004371628906940753,0.00080856236308648457,0.0050136632116647,0.00046199817640332747,0.00077723258616710107],[1.5843231993504357E-5,2.9983612190661758E-5,0.00030015867137232608,3.2352171488170619E-5,7.7994871626280659E-6],[2.2434749831455667E-5,0.00043045922222668205,0.0027380986591063511,0.00020194108546801466,2.2478878975607305E-6]],"runtime_total":[[0.00393156,0.0019561599999999998,0.0096206,0.00189268,0.00207004],[0.00068786,0.00116098,0.00622356,0.00120512,0.00039182],[0.00082000000000000009,0.00161508,0.0078901,0.00141724,0.00042271999999999996]],"runtime_total_std":[[0.0062558918954854076,0.0012975087140362487,0.0054464390462943772,0.00061562824577824564,0.0034073514109935884],[5.3803652292386263E-5,3.2176342240845173E-5,0.00029419953772907273,6.4838931206490436E-5,1.5791675021985474E-5],[0.00020739899951542675,0.00060883271676216613,0.0027948066641540702,0.00030507361898400852,5.0196882373310782E-5]]},"x_vals":[-10,-5,0]}