{"run_id":"sweep_20260125_165544","tag":"sweep","timestamp":"2026-01-25 16:55:45","result":{"algorithms":["random","norm","qoe","exhaustive","ga"],"x_axis":"p_dbw","x_vals":[-20,-15,-10,-5,0],"mc":20,"sum_rate":[[2.6699105106330165E+6,2.6380699434687747E+6,2.6405911472736741E+6,2.7772570708163567E+6,2.7398380391331362E+6],[2.7847669552013515E+6,2.7049119286807445E+6,2.9004448296944359E+6,2.8875487018364044E+6,2.8729624911333071E+6],[2.9093134976597666E+6,2.9219150762756234E+6,3.3902800143133663E+6,3.0503604726966647E+6,3.047705827443386E+6],[3.2086158596573146E+6,3.16713986363269E+6,3.3342135189745235E+6,3.3538628728740434E+6,3.3864508300279044E+6],[3.4016867594220028E+6,3.5512011559954053E+6,3.8774176130826315E+6,3.8327229983146251E+6,3.8341182644223147E+6]],"sum_rate_std":[[432808.34025657218,400287.30994653853,390514.4394013604,426420.23384395422,358915.59525364608],[519770.60831747006,314992.05391529272,385940.487119471,299526.21402787621,313823.18341387622],[433094.63404521969,322147.73350203596,350087.6104777712,317670.03071557771,417230.07649999205],[408309.35189816263,395286.77242612606,440919.4407149466,357139.82425498625,333021.80257861275],[431676.28015659214,506566.44380284112,505640.39943279658,419909.29605869279,498509.83067781443]],"avg_qoe":[[5.04781789833022,5.4994062721658565,3.6454821044182637,4.9475588155067864,4.8976923143916142],[3.5944568763720666,4.2457312978316217,2.5936695058009493,3.8450084733992163,3.8950195915527233],[2.6439946137010466,2.6442230653636027,2.5925825928318309,2.643717373932545,2.643226235341043],[2.5935300217243009,2.5931806492183842,2.5933611683992535,2.6421862724440612,2.642694794667082],[2.593985471992716,2.5926882231823178,2.5932512369117071,2.5928021734881233,2.5925692872201926]],"avg_qoe_std":[[0.88794292367526717,0.78929504650822679,0.99871461203488865,0.93461459520080514,0.97984562039559819],[0.79572406594376532,1.2691109893638481,0.0022579020273789815,0.96744684056234809,1.0317828721491229],[0.22332076133351159,0.22360987856927317,0.0012909595830451681,0.22394042279386991,0.22398761986659296],[0.0013655139271779536,0.0018273039760983987,0.0016850662540285684,0.2234538159530883,0.2233226296805744],[0.0007544329604984415,0.0021334491567435877,0.0018129271244674374,0.0030213572277790761,0.0035106274905999028]],"deadline_vio":[[0.30625,0.3625,0.13125,0.29375,0.2875],[0.125,0.20625,0,0.15625,0.1625],[0.00625,0.00625,0,0.00625,0.00625],[0,0,0,0.00625,0.00625],[0,0,0,0,0]],"deadline_vio_std":[[0.11088015104037713,0.098508615706551533,0.12483541796680686,0.1166627505608412,0.12234012123239824],[0.099339926779878282,0.15850348659621935,0,0.12081820836978262,0.12888693535522969],[0.027950849718747367,0.02795084971874736,0,0.027950849718747367,0.027950849718747367],[0,0,0,0.027950849718747364,0.027950849718747364],[0,0,0,0,0]],"semantic_vio":[[1,1,1,1,1],[1,1,1,1,1],[1,1,1,1,1],[1,1,1,1,1],[1,1,1,1,1]],"semantic_vio_std":[[0,0,0,0,0],[0,0,0,0,0],[0,0,0,0,0],[0,0,0,0,0],[0,0,0,0,0]],"ris_usage":[[0.49375,0.5,0.5,0.5,0.5],[0.4875,0.5,0.5,0.5,0.5],[0.49375,0.5,0.5,0.5,0.5],[0.49375,0.5,0.5,0.5,0.5],[0.48125,0.5,0.5,0.5,0.5]],"ris_usage_std":[[0.027950849718747364,0,0,0,0],[0.038474188203193274,0,0,0,0],[0.027950849718747367,0,0,0,0],[0.02795084971874736,0,0,0,0],[0.045793443566565409,0,0,0,0]],"unique_ris":[[3.95,4,4,4,4],[3.9,4,4,4,4],[3.95,4,4,4,4],[3.95,4,4,4,4],[3.85,4,4,4,4]],"unique_ris_std":[[0.22360679774997891,0,0,0,0],[0.30779350562554619,0,0,0,0],[0.22360679774997894,0,0,0,0],[0.22360679774997888,0,0,0,0],[0.36634754853252327,0,0,0,0]],"runtime_assign":[[0.000583835,0.00072398500000000023,0.002927845,0.54756485500000007,0.18395096500000002],[0.00012167,0.00020478999999999997,0.0012447950000000004,0.46360460000000014,0.15150702499999996],[0.00011525999999999999,0.00019655500000000003,0.0011193000000000002,0.44999565999999991,0.144230005],[0.00011037,0.00018838999999999998,0.001025435,0.45305127999999995,0.14403948000000003],[0.00013365,0.000220045,0.0012555,0.51337196,0.17417366000000004]],"runtime_assign_std":[[0.0010575731430596436,0.0013865762431919172,0.0039283372097022907,0.086896333361834235,0.038998940927837018],[2.4300381196923424E-5,5.8665473572397621E-5,0.00044206325991101987,0.023691298532472566,0.012556693830022342],[1.8970736467129136E-5,4.5465099107360427E-5,0.00034340358027744626,0.011558214649257721,0.0062316017556927226],[6.4498143588135856E-6,2.5260889262173435E-5,0.00010292332493555321,0.021451268861786041,0.01219445558688995],[3.2882061979139934E-5,7.8979067679853926E-5,0.00044198562848748107,0.063388083666514577,0.047169917834060306]],"runtime_total":[[0.0045936349999999996,0.00230581,0.0043394550000000007,0.54889214,0.1855619],[0.0011034949999999997,0.0013708999999999998,0.0022447250000000004,0.46483682000000004,0.15240614000000002],[0.0012394,0.0014316350000000001,0.00217179,0.45142710500000005,0.14531871000000002],[0.0012447999999999997,0.00132686,0.0020845049999999995,0.45445378,0.14517744],[0.00151236,0.0016136999999999998,0.0026676600000000005,0.51504648499999983,0.17567111000000002]],"runtime_total_std":[[0.013989105381210237,0.0031429597677984995,0.0055451351412011789,0.087193656340713951,0.040233024230063072],[0.0003192380591263154,0.00045648093059842053,0.000753305630205961,0.023778623497024878,0.01258696326026091],[0.00035125791693643905,0.00040389572426425527,0.0005953833730860885,0.011602390062735706,0.0062301815430928446],[0.00015075516225777615,0.00025667548711205462,0.00013460117882880984,0.02142278155060268,0.012193878894256308],[0.00034425613842327526,0.00054200485237680294,0.00095570616845401415,0.063607707440217418,0.047379604925047433]]},"x_vals":[-20,-15,-10,-5,0]}